,t,stimstate,Qm,Vm,Cm,iax
0,0.0,0.0,-0.00075,-42.86779972963228,0.01749564952552403,300047.5306308715
1,0.0,0.0,-0.00075,-42.86779972963228,0.01749564952552403,300047.5306308715
2,2.5e-05,0.0,-0.0007976974429379615,-42.86779972963228,0.018608313185399034,300047.5306308715
3,5e-05,1.0,-0.0007808571348404143,-59.02783439529328,0.013228625831183765,205896.73626293798
4,7.5e-05,1.0,-0.0007641077919046768,-57.83018798624081,0.013212957081973802,168146.81761111025
5,9.999999999999999e-05,1.0,-0.0007537820456973613,-56.635788990090575,0.013309288334082335,163542.1789247883
6,0.00012499999999999998,1.0,-0.0007467560323582349,-55.89801923949025,0.013359257492807088,161469.22277089307
7,0.00015,1.0,-0.0007412218405692358,-55.395380230239965,0.013380571403039268,160064.8356482541
8,0.00017500000000000003,1.0,-0.0007369378096459832,-54.999154356968106,0.013399075281465977,158906.02716705698
9,0.00020000000000000004,1.0,-0.0007334557750219131,-54.69211818428922,0.013410630258467565,158025.48600274252
10,0.00022500000000000008,1.0,-0.0007305475031709952,-54.44245828730325,0.013418708966368794,157301.95018809265
11,0.00025000000000000006,1.0,-0.0007279594297837106,-54.233936853975685,0.013422581357937075,156693.91399825618
12,0.00027500000000000007,1.0,-0.0007257113182301849,-54.04816308413213,0.013427122714615342,156141.9118130661
13,0.0003000000000000001,1.0,-0.0007236774592444603,-53.886742986300916,0.013429601032454932,155667.3403922435
14,0.00032500000000000015,1.0,-0.000721863757405869,-53.74070676495076,0.013432345811214053,155232.7575641586
15,0.00035000000000000016,1.0,-0.0007201592563610174,-53.61047838381776,0.013433180939090378,154848.39371854864
16,0.00037500000000000017,1.0,-0.0007185975032248013,-53.48809089598076,0.013434719601831941,154480.91994568307
17,0.0004000000000000002,1.0,-0.0007170624834182622,-53.375812625058806,0.013434221385167571,154149.0518645356
18,0.0004250000000000002,1.0,-0.0007156368897821266,-53.26544060417421,0.013435294661320136,153814.0735664369
19,0.00045000000000000026,1.0,-0.000714276309451124,-53.16293661698771,0.013435606738527756,153509.04779817825
20,0.00047500000000000027,1.0,-0.0007130254512386242,-53.06510725995344,0.013436804108313223,153215.1910874913
21,0.0005000000000000002,1.0,-0.0007117784316565128,-52.97516721607546,0.01343607711049417,152949.40725954078
22,0.0005250000000000002,1.0,-0.0007106053539264843,-52.885503179967266,0.01343667567099291,152677.18000990196
23,0.00055,1.0,-0.0007094397873959197,-52.80115576036629,0.013436065502347218,152426.1696953268
24,0.000575,1.0,-0.0007083448962668439,-52.717293065664336,0.013436670494149499,152172.69085117182
25,0.0005999999999999998,1.0,-0.000707251891637086,-52.63845929339519,0.013436029494993758,151939.6928199982
26,0.0006249999999999998,1.0,-0.0007062256796385241,-52.55976135185262,0.013436622645807183,151702.00125046997
27,0.0006499999999999998,1.0,-0.0007051804104009502,-52.48587257803199,0.013435623259431229,151483.7906853111
28,0.0006749999999999996,1.0,-0.0007041898052278092,-52.41061165496248,0.013436015779852727,151255.20433535136
29,0.0006999999999999996,1.0,-0.0007031946765405581,-52.3392866249625,0.013435312589934674,151043.68897935355
30,0.0007249999999999994,1.0,-0.000702256862196979,-52.267635895290894,0.013435787752172842,150827.04861426586
31,0.0007499999999999994,1.0,-0.0007012950708507329,-52.20011188269351,0.013434742676925968,150627.62619733156
32,0.0007749999999999992,1.0,-0.0007003843768424938,-52.13086149062539,0.0134351199426935,150417.04298953302
33,0.0007999999999999992,1.0,-0.0006994552644310729,-52.0652901820762,0.013434195065177314,150222.68495508612
34,0.0008249999999999991,1.0,-0.0006985742446317182,-51.99833955273239,0.013434549076769699,150019.7091628695
35,0.000849999999999999,1.0,-0.0006976777503032001,-51.934818839350605,0.013433718763154232,149832.329485576
36,0.0008749999999999989,1.0,-0.0006968327519815717,-51.87018242671617,0.013434168136309894,149636.84674511402
37,0.0008999999999999988,1.0,-0.0006959377226106896,-51.80925882859097,0.013432690185998878,149457.56399669003
38,0.0009249999999999987,1.0,-0.0006950797796094382,-51.74472803804832,0.013432861780592225,149259.7223425817
39,0.0009499999999999987,1.0,-0.0006942244960637627,-51.682871140484494,0.013432390282202398,149075.93326419985
40,0.0009749999999999985,1.0,-0.0006934228265881222,-51.62120598721006,0.013432906367199716,148890.49020576067
41,0.0009999999999999985,1.0,-0.0006925910954739869,-51.563406358840325,0.013431833627400473,148720.84879490364
42,0.0010249999999999984,1.0,-0.0006918002322263453,-51.50343931411511,0.013432117183613977,148538.53703268844
43,0.0010499999999999982,1.0,-0.0006909757434135675,-51.44641880479804,0.01343097847170511,148370.1343502913
44,0.0010749999999999983,1.0,-0.0006901912907607883,-51.3869739233081,0.01343124994654981,148188.8743557454
45,0.0010999999999999981,1.0,-0.000689396689287184,-51.33041561195656,0.013430569011925174,148021.59725550277
46,0.001124999999999998,1.0,-0.0006886478160286168,-51.273067068104616,0.01343098541606463,147849.23089562432
47,0.001149999999999998,1.0,-0.0006878364775257939,-51.219001368962154,0.01342932230503446,147690.9209973866
48,0.0011749999999999979,1.0,-0.0006870614289447589,-51.160425925261265,0.0134295486505227,147510.64931484824
49,0.0011999999999999977,1.0,-0.0006862919510410854,-51.10447047095222,0.013429196011945251,147344.98812833137
50,0.0012249999999999976,1.0,-0.0006855742779146431,-51.04891719760343,0.013429751609830981,147178.7111416797
51,0.0012499999999999976,1.0,-0.0006847914272859798,-50.99710402508998,0.013428045383696111,147027.26889533046
52,0.0012749999999999975,1.0,-0.0006840491861373973,-50.940585293677714,0.013428373117304864,146852.8590437883
53,0.0012999999999999973,1.0,-0.0006833024229709295,-50.886998406749484,0.013427839023028298,146694.43066438794
54,0.0013249999999999974,1.0,-0.0006826141452522783,-50.83308504794408,0.013428540577626939,146532.22994503612
55,0.0013499999999999973,1.0,-0.0006818913118650491,-50.78339410807229,0.013427446586455295,146387.81694600865
56,0.001374999999999997,1.0,-0.000681197311322718,-50.73120838505845,0.013427579058482407,146229.09377985995
57,0.001399999999999997,1.0,-0.0006804335950358753,-50.681104279861586,0.01342578471215848,146080.9524796329
58,0.001424999999999997,1.0,-0.0006796955065279919,-50.62596697255056,0.013425827636961945,145909.84440137993
59,0.0014499999999999969,1.0,-0.0006789563044729826,-50.57265081745221,0.01342536516275869,145751.05455647022
60,0.0014749999999999967,1.0,-0.0006782689522132405,-50.5192127634722,0.013425960443779151,145590.7479108842
61,0.0014999999999999968,1.0,-0.0006775616025380284,-50.46952301097426,0.01342516358616461,145445.85810492284
62,0.0015249999999999966,1.0,-0.0006768936248139442,-50.41838761454161,0.013425530978676426,145291.57560091195
63,0.0015499999999999965,1.0,-0.0006761603006338503,-50.37009847703832,0.013423843134674122,145150.15977476197
64,0.0015749999999999965,1.0,-0.0006754560399748463,-50.31708534368033,0.013423989791167056,144986.46756957128
65,0.0015999999999999964,1.0,-0.0006747506512579258,-50.2661732569825,0.013423553207607582,144835.46638334452
66,0.0016249999999999962,1.0,-0.0006740913308728588,-50.215179621242115,0.013424054956236848,144682.43449186473
67,0.001649999999999996,1.0,-0.0006733878408433827,-50.16751633609758,0.01342278609792075,144543.16771659514
68,0.0016749999999999962,1.0,-0.0006727147805678676,-50.1166599593941,0.01342297713201398,144387.62208362238
69,0.001699999999999996,1.0,-0.0006720267287128628,-50.06800339642726,0.013422279362568254,144243.80818136677
70,0.0017249999999999959,1.0,-0.0006713890645021357,-50.0182630691113,0.013422878430913589,144093.5360928769
71,0.001749999999999996,1.0,-0.0006707260974568048,-49.97216534213254,0.013421993881287791,143958.98851074942
72,0.0017749999999999958,1.0,-0.0006700937684034493,-49.92423843430635,0.013422213125698522,143813.7441559565
73,0.0017999999999999956,1.0,-0.0006693930809706451,-49.878526394063286,0.013420466268031499,143679.12437518442
74,0.0018249999999999955,1.0,-0.0006687240164010588,-49.82781598733802,0.01342069691697889,143522.3621180066
75,0.0018499999999999955,1.0,-0.0006680515768103853,-49.77938584700394,0.01342024545790159,143379.13967594533
76,0.0018749999999999954,1.0,-0.0006674367756097069,-49.73071140626552,0.013421018053757767,143233.05451776882
77,0.0018999999999999952,1.0,-0.00066676413143046,-49.68620911189829,0.01341950097116165,143104.49751723022
78,0.0019249999999999953,1.0,-0.0006661299147641295,-49.63751986204612,0.01341988714616393,142954.76602386
79,0.0019499999999999951,1.0,-0.0006654715071424986,-49.59161218205705,0.013419033539370911,142820.0180063203
80,0.001974999999999995,1.0,-0.000664855089562455,-49.54395344333123,0.013419500127758709,142675.6499825081
81,0.001999999999999995,1.0,-0.000664198927304274,-49.49933414758171,0.013418340645229133,142545.32299344198
82,0.002024999999999995,1.0,-0.0006635810599155109,-49.45183793915854,0.013418734016153785,142400.23597388444
83,0.0020499999999999954,1.0,-0.0006629219679347153,-49.40711369921837,0.013417540882279928,142269.09094465364
84,0.0020749999999999957,1.0,-0.0006623084292102709,-49.35940542325521,0.0134180795641884,142123.13525349155
85,0.002099999999999996,1.0,-0.0006616552848552365,-49.314994513044255,0.013416918959206674,141993.39379689746
86,0.0021249999999999967,1.0,-0.0006610384712260775,-49.267716755095904,0.01341727432817768,141848.8925067993
87,0.002149999999999997,1.0,-0.0006603985423196697,-49.22306879138948,0.013416443926291573,141717.69642930626
88,0.0021749999999999972,1.0,-0.0006598005479395505,-49.17674763174368,0.013416921201874035,141577.2981783562
89,0.0021999999999999975,1.0,-0.0006591511520059243,-49.13344356410792,0.013415529305327087,141451.0561265638
90,0.002224999999999998,1.0,-0.0006585450880643425,-49.08637744630873,0.013416045801804524,141306.93733064886
91,0.002249999999999998,1.0,-0.0006579181899633998,-49.0424518912024,0.013415279305833852,141178.71686322975
92,0.002274999999999999,1.0,-0.0006573326727644912,-48.99701634358156,0.013415769404305767,141041.63219275238
93,0.002299999999999999,1.0,-0.0006566803792321847,-48.954579949957434,0.013414074431921578,140917.86776501426
94,0.0023249999999999994,1.0,-0.0006560675853047073,-48.90730382357373,0.013414511412679374,140771.4287110386
95,0.0023499999999999997,1.0,-0.0006554493679839665,-48.86289050084745,0.013414052285191741,140641.02603892228
96,0.002375,1.0,-0.0006548773890701403,-48.81808410811105,0.013414647482270475,140506.68415131295
97,0.0024000000000000002,1.0,-0.0006542519005689266,-48.77662892562096,0.013413225041988643,140386.5146984446
98,0.002425000000000001,1.0,-0.000653655645943756,-48.73129554123132,0.01341346743779264,140247.08866130875
99,0.0024500000000000012,1.0,-0.0006530211000790792,-48.68808093366536,0.01341234009549035,140119.71875034962
100,0.0024750000000000015,1.0,-0.0006524207202940499,-48.642091100853975,0.013412678310669827,139979.054869474
101,0.002500000000000002,1.0,-0.000651808656879898,-48.59857751503793,0.01341209332059581,139851.05625560821
102,0.002525000000000002,1.0,-0.0006512393882073953,-48.55421713755577,0.013412622560928369,139717.47406275262
103,0.0025500000000000024,1.0,-0.0006506020898841817,-48.512958384594725,0.013410892914969708,139597.43956455356
104,0.002575000000000003,1.0,-0.0006499922696309462,-48.46676906248718,0.013411091397343299,139454.11468245904
105,0.0026000000000000034,1.0,-0.0006493799308489903,-48.4225705619121,0.013410686861795295,139323.23770951485
106,0.0026250000000000036,1.0,-0.0006488118830474726,-48.37813476677706,0.013411262880954108,139190.58263595006
107,0.002650000000000004,1.0,-0.0006481979379601158,-48.336913050173514,0.013409998633700274,139071.0740438439
108,0.002675000000000004,1.0,-0.0006476131304219211,-48.29236068973211,0.013410260363594448,138934.91483051854
109,0.0027000000000000045,1.0,-0.0006470141615456989,-48.249922763658496,0.01340964139393453,138810.22538330132
110,0.002725000000000005,1.0,-0.000646461370861009,-48.20645718698694,0.013410265109370403,138679.53991168167
111,0.0027500000000000055,1.0,-0.0006458786757729435,-48.16634263873151,0.013409336071399776,138563.55126213518
112,0.0027750000000000058,1.0,-0.0006453282100929885,-48.12405800753966,0.013409679831902041,138435.63072239756
113,0.002800000000000006,1.0,-0.000644707660752665,-48.084112178687825,0.013407914413743026,138319.08623493335
114,0.0028250000000000063,1.0,-0.0006441110219900057,-48.03908056519158,0.013408063068898933,138179.3819320132
115,0.0028500000000000066,1.0,-0.0006435129292568058,-47.995784078657664,0.013407696980263676,138051.11456394359
116,0.0028750000000000073,1.0,-0.0006429626272586074,-47.95238208135261,0.013408356360019877,137921.1901570514
117,0.0029000000000000076,1.0,-0.000642379924911897,-47.91244813045008,0.013407370108972609,137805.4141703182
118,0.002925000000000008,1.0,-0.0006418307056879665,-47.870162972517676,0.013407740141942745,137676.96610249777
119,0.002950000000000008,1.0,-0.0006412445605940085,-47.83030759566103,0.013406657678533926,137560.48655047553
120,0.0029750000000000085,1.0,-0.0006406952193987322,-47.78777260672674,0.013407095255754736,137430.75540991258
121,0.0030000000000000087,1.0,-0.0006401093938878955,-47.747908378734245,0.013406019564471324,137314.35343715348
122,0.0030250000000000095,1.0,-0.0006395583899728213,-47.70539658109623,0.013406415957272497,137184.66992870477
123,0.0030500000000000097,1.0,-0.0006389827660241256,-47.66537188350779,0.013405596993678623,137068.0613960353
124,0.00307500000000001,1.0,-0.0006384459644218793,-47.62354849448354,0.013406098130126392,136941.79336402868
125,0.0031000000000000103,1.0,-0.0006378416290029576,-47.58454583955498,0.013404386187768284,136828.59981354763
126,0.0031250000000000106,1.0,-0.0006372624073884589,-47.540636347283204,0.013404583033623537,136692.64363567132
127,0.003150000000000011,1.0,-0.0006366836979970009,-47.49855156090605,0.013404276068936532,136568.3813765367
128,0.0031750000000000116,1.0,-0.0006361504359819915,-47.45650399136731,0.013404915711821334,136442.92472161492
129,0.003200000000000012,1.0,-0.0006355785311015763,-47.41775851394907,0.01340380800401195,136331.0918435489
130,0.003225000000000012,1.0,-0.0006350389249869722,-47.37620534307652,0.013404174529984296,136204.70460670357
131,0.0032500000000000124,1.0,-0.0006344792100419296,-47.33699891933044,0.013403452363407748,136090.28114615244
132,0.0032750000000000127,1.0,-0.0006339585247973568,-47.29633143851723,0.013403968246912975,135967.74508512756
133,0.0033000000000000134,1.0,-0.000633374657160801,-47.258499757621564,0.013402343714024779,135858.12268510982
134,0.0033250000000000137,1.0,-0.000632828860901335,-47.21607740296158,0.013402825810804044,135727.01130827735
135,0.003350000000000014,1.0,-0.0006322762264500243,-47.17642121885154,0.013402377927670548,135611.2146669471
136,0.0033750000000000143,1.0,-0.0006317721086269488,-47.136268188912894,0.013403099840125873,135491.15000473976
137,0.0034000000000000146,1.0,-0.0006311925776058954,-47.0996402552136,0.013401218654446661,135386.03102488458
138,0.003425000000000015,1.0,-0.0006306486032864193,-47.05753298813401,0.013401650346724364,135255.0709910583
139,0.0034500000000000156,1.0,-0.0006301003123549988,-47.01800918160336,0.01340125461121261,135139.38932536263
140,0.003475000000000016,1.0,-0.0006295973524662542,-46.97817174090057,0.013401912614622001,135020.39148321544
141,0.003500000000000016,1.0,-0.000629048673274356,-46.94159231668006,0.013400667557901142,134915.57387941953
142,0.0035250000000000164,1.0,-0.0006285279907377707,-46.90167812308422,0.013400970197448432,134793.94113715895
143,0.0035500000000000167,1.0,-0.0006279391831029935,-46.86380057300738,0.013399237266827095,134683.12752257794
144,0.003575000000000017,1.0,-0.000627374002960435,-46.82096719738054,0.013399424243323497,134550.27615066044
145,0.0036000000000000177,1.0,-0.0006268127315525007,-46.779852626316604,0.01339920278414642,134428.79074901665
146,0.003625000000000018,1.0,-0.0006263002518266587,-46.7390223998985,0.013399943337882454,134307.26029334252
147,0.0036500000000000182,1.0,-0.0006257594198282338,-46.701741571149675,0.01339905962339531,134200.17482414463
148,0.0036750000000000185,1.0,-0.0006252563940414077,-46.66239822916276,0.013399576913529469,134081.41524748434
149,0.003700000000000019,1.0,-0.0006247192154124155,-46.62580513626704,0.013398572176644065,133975.61616583864
150,0.003725000000000019,1.0,-0.0006242153370696835,-46.586727562140396,0.013398995158804933,133857.1088502028
151,0.00375000000000002,1.0,-0.0006236421563093921,-46.55007244924833,0.01339723277529426,133750.58223271027
152,0.00377500000000002,1.0,-0.0006230916077099895,-46.508375865580675,0.013397406297542186,133621.14360353345
153,0.0038000000000000204,1.0,-0.0006225441224769197,-46.468325680144545,0.01339717137135687,133502.81157624294
154,0.0038250000000000207,1.0,-0.0006220442177356436,-46.4284983422278,0.01339789654945355,133384.22966105794
155,0.003850000000000021,1.0,-0.0006215070658491118,-46.392132292781405,0.01339682043340392,133279.78422999056
156,0.0038750000000000212,1.0,-0.000621003947702615,-46.35305666406069,0.013397259908947997,133161.05434759526
157,0.003900000000000022,1.0,-0.0006204787260038353,-46.31645685237221,0.0133965067315389,133054.7275443466
158,0.003925000000000022,1.0,-0.0006199882817901458,-46.27824909659182,0.013396969286718435,132939.63883313898
159,0.003950000000000022,1.0,-0.000619428766005711,-46.2425702522681,0.013395206248842306,132836.29859969587
160,0.003975000000000023,1.0,-0.0006189040468355865,-46.20181951427442,0.013395663922810901,132710.39530406825
161,0.0040000000000000235,1.0,-0.0006183794869074533,-46.16360308854194,0.013395390427419617,132598.95325914148
162,0.004025000000000023,1.0,-0.0006179027937840841,-46.12539826074618,0.013396150864456256,132485.6139372454
163,0.004050000000000024,1.0,-0.0006173524507586948,-46.090679675293885,0.013394301301432446,132386.58045684153
164,0.004075000000000024,1.0,-0.0006168365393174972,-46.05059700907037,0.013394756623806674,132262.33392965348
165,0.004100000000000025,1.0,-0.000616318214390163,-46.0130220691794,0.013394430243324257,132152.86559960508
166,0.004125000000000025,1.0,-0.0006158457226095283,-45.97527134990216,0.013395151448319594,132040.73778629678
167,0.004150000000000025,1.0,-0.0006153268513753542,-45.94085875727751,0.013393890928908246,131942.4597626533
168,0.004175000000000026,1.0,-0.0006148362559237848,-45.903068249298116,0.013394230045465118,131827.304526275
169,0.004200000000000026,1.0,-0.0006142859826799734,-45.8673371273817,0.013392667225786243,131723.3378004988
170,0.0042250000000000265,1.0,-0.0006137609614235476,-45.82725954350059,0.013392923066694564,131599.34837925795
171,0.004250000000000026,1.0,-0.0006132307205976619,-45.78902111617305,0.013392527414853686,131486.88256062678
172,0.004275000000000027,1.0,-0.0006127462286278466,-45.75040253637544,0.013393242346680155,131371.47382343706
173,0.004300000000000028,1.0,-0.0006122331508035518,-45.71511594416263,0.013392356951502557,131270.16092438338
174,0.004325000000000028,1.0,-0.0006117561244309261,-45.67774738268527,0.01339286982139623,131157.31748143106
175,0.004350000000000028,1.0,-0.0006112163106442231,-45.64300452597287,0.01339123743040216,131056.95853200667
176,0.004375000000000028,1.0,-0.0006107030548285709,-45.60368872684928,0.013391527568887602,130935.40616231503
177,0.004400000000000029,1.0,-0.0006101827391791722,-45.566307201878544,0.013391094794576999,130825.70835299231
178,0.00442500000000003,1.0,-0.0006097054127469705,-45.528411494031666,0.013391756767681144,130712.406351776
179,0.0044500000000000295,1.0,-0.0006091954037660961,-45.49362169631542,0.013390787126878391,130612.71296966744
180,0.00447500000000003,1.0,-0.0006087204293553777,-45.456433212993595,0.013391293296223176,130500.47008838218
181,0.00450000000000003,1.0,-0.0006082017051987784,-45.421799356309336,0.013390083920449002,130400.55451484334
182,0.004525000000000031,1.0,-0.0006077170860624988,-45.383975385811304,0.013390565301877311,130285.3261921071
183,0.004550000000000031,1.0,-0.000607213766017424,-45.348638261676605,0.013389900762038326,130182.98112777178
184,0.004575000000000031,1.0,-0.0006067470038591988,-45.31193751756477,0.013390444926880444,130072.98703043365
185,0.004600000000000032,1.0,-0.0006062134508753991,-45.277902476247164,0.01338872645863883,129975.05614166505
186,0.004625000000000032,1.0,-0.000605725690367536,-45.23899722754874,0.013389458818478701,129854.75214107872
187,0.004650000000000033,1.0,-0.0006052310718128199,-45.20343104304624,0.01338905162390155,129752.29719505842
188,0.004675000000000032,1.0,-0.0006047805142916879,-45.16736478821051,0.013389767526343408,129645.11896232312
189,0.004700000000000033,1.0,-0.000604288408392886,-45.13451134545071,0.013388610851855267,129551.46172844694
190,0.004725000000000034,1.0,-0.0006038222897253999,-45.098628306726994,0.01338892805383468,129442.44352436504
191,0.004750000000000034,1.0,-0.0006032863545687982,-45.06464018702353,0.013387133505672947,129343.6802139941
192,0.004775000000000034,1.0,-0.000602775188189203,-45.02556123669075,0.013387399770999618,129222.35653190644
193,0.004800000000000034,1.0,-0.0006022659193961422,-44.988288358966784,0.013387171225332967,129112.82399974142
194,0.004825000000000035,1.0,-0.0006018043921376731,-44.951153848149744,0.013387963169324613,129002.58095353161
195,0.004850000000000036,1.0,-0.0006013009806739531,-44.91750052164416,0.013386786301348345,128906.57327579855
196,0.0048750000000000356,1.0,-0.0006008272177613429,-44.88079311153058,0.013387179149625611,128794.92137681105
197,0.004900000000000036,1.0,-0.0006003335577809216,-44.84624759403029,0.013386483596474525,128694.61731794645
198,0.004925000000000036,1.0,-0.0005998813075204103,-44.81025123585425,0.013387144480913427,128586.44074560878
199,0.004950000000000037,1.0,-0.000599385420474931,-44.777264437340364,0.013385932079743028,128491.8853359702
200,0.004975000000000037,1.0,-0.0005989225621353057,-44.74106421863011,0.013386417435415302,128381.91010903059
201,0.005000000000000037,1.0,-0.0005984072101770214,-44.707275126378036,0.013385007439738843,128284.31016516671
202,0.005025000000000038,1.0,-0.0005979170142079725,-44.66965395080442,0.013385306608071565,128168.9447293952
203,0.005050000000000038,1.0,-0.0005974175583718801,-44.63386918600317,0.013384848082120239,128064.36819374589
204,0.005075000000000039,1.0,-0.0005969658162271962,-44.59740844223604,0.013385661568214328,127955.60838495441
205,0.0051000000000000385,1.0,-0.0005964915163848863,-44.56443084262483,0.013384923920409552,127861.74512430083
206,0.005125000000000039,1.0,-0.0005960480414837695,-44.52980650996199,0.01338537236514658,127758.08758649738
207,0.00515000000000004,1.0,-0.0005955342680164449,-44.497432426873324,0.013383564748261386,127664.91756670193
208,0.00517500000000004,1.0,-0.0005950451563875665,-44.45992648261799,0.013383853808669811,127548.6514491661
209,0.0052000000000000405,1.0,-0.0005945537501892381,-44.42422087566467,0.013383549299677897,127444.1238783012
210,0.00522500000000004,1.0,-0.0005941087079567737,-44.388347762992666,0.013384339311950972,127337.52961931934
211,0.005250000000000041,1.0,-0.000593620389376886,-44.35585926324784,0.01338313357551716,127245.03019171875
212,0.005275000000000041,1.0,-0.0005931617101977321,-44.320211549613504,0.013383548711939865,127136.56584765158
213,0.005300000000000042,1.0,-0.0005926823767894548,-44.28672753998956,0.013382844245023087,127039.55719165507
214,0.005325000000000042,1.0,-0.0005922428543446419,-44.25173575229724,0.013383494325731545,126934.55982914835
215,0.005350000000000042,1.0,-0.000591753949531873,-44.21965020222018,0.013382149040657997,126842.74902220423
216,0.005375000000000043,1.0,-0.000591297983137009,-44.18395969303651,0.01338263902205666,126733.58994857743
217,0.005400000000000043,1.0,-0.0005908130733307905,-44.15067371920622,0.013381745363350543,126637.30765132337
218,0.0054250000000000435,1.0,-0.0005903688383453175,-44.115274849242,0.013382413242642676,126530.36858442186
219,0.005450000000000044,1.0,-0.0005898958300203068,-44.08284527928351,0.013381528036202442,126437.4132459184
220,0.005475000000000044,1.0,-0.0005894554749575095,-44.048306597492505,0.013382023521218972,126333.38297888808
221,0.005500000000000045,1.0,-0.0005889481982861068,-44.01612377949475,0.013380283126168253,126241.06552318722
222,0.005525000000000045,1.0,-0.0005884849244453306,-43.97905007654568,0.01338102854475189,126126.49971255352
223,0.005550000000000045,1.0,-0.0005880178041768191,-43.94519226733574,0.013380708419698736,126029.24055526195
224,0.005575000000000045,1.0,-0.0005875981870826272,-43.91105334659966,0.0133815552645614,125928.3069557245
225,0.005600000000000046,1.0,-0.0005871410465626139,-43.88038613799453,0.013380489513382575,125841.76171992788
226,0.005625000000000047,1.0,-0.000586707118190693,-43.84697657512602,0.013380788460646713,125740.92228549502
227,0.0056500000000000465,1.0,-0.0005862031261004588,-43.81526344407018,0.013378970706149976,125649.18014332275
228,0.005675000000000047,1.0,-0.0005857260298712388,-43.77842979076941,0.013379329333432098,125535.00906229032
229,0.005700000000000047,1.0,-0.0005852485448416448,-43.74356178899177,0.013379078449641127,125432.9820605762
230,0.005725000000000048,1.0,-0.000584820594846913,-43.708665372208316,0.013379969163248918,125329.58348208424
231,0.0057500000000000485,1.0,-0.0005843355165389078,-43.67738916362994,0.01337844426437198,125241.06209987451
232,0.005775000000000048,1.0,-0.000583888817283604,-43.64193780126334,0.013379076335760272,125132.16046179907
233,0.005800000000000049,1.0,-0.0005834318873553415,-43.60929132561739,0.013378614272794116,125038.23997790214
234,0.005825000000000049,1.0,-0.0005830190656175468,-43.57589715359269,0.013379393281624697,124938.97026650285
235,0.00585000000000005,1.0,-0.0005825533746017643,-43.545726575403876,0.01337796887125109,124853.50347880545
236,0.0058750000000000495,1.0,-0.0005821166620452707,-43.51169210987754,0.013378396330238903,124749.304255491
237,0.00590000000000005,1.0,-0.0005816391933761905,-43.47977550005435,0.013377235431573545,124656.9783388648
238,0.005925000000000051,1.0,-0.0005811926269986906,-43.44488027895929,0.013377701199010253,124550.69125870203
239,0.005950000000000051,1.0,-0.0005807241686957042,-43.41224351452719,0.013376967456228666,124456.2061957463
240,0.0059750000000000515,1.0,-0.0005802992118353081,-43.3780068051573,0.01337772882100971,124353.32081419308
241,0.006000000000000051,1.0,-0.0005798396932073303,-43.346949346187365,0.013376712824159349,124264.83665427893
242,0.006025000000000052,1.0,-0.0005794123212932998,-43.31335289681384,0.013377221631251773,124163.36617335452
243,0.006050000000000053,1.0,-0.0005789176791146959,-43.282084051495175,0.013375457577918946,124073.72868168446
244,0.006075000000000053,1.0,-0.0005784621929800866,-43.24589334905759,0.013376118474673444,123961.81469934885
245,0.006100000000000053,1.0,-0.0005780095425869661,-43.212567514999904,0.01337595925968361,123865.79387009711
246,0.006125000000000053,1.0,-0.000577603636158131,-43.17944915915747,0.013376818079107736,123768.41430236031
247,0.006150000000000054,1.0,-0.0005771398745881221,-43.149750845065185,0.013375277105548493,123684.8041740826
248,0.006175000000000054,1.0,-0.0005767054275637255,-43.11581953530598,0.013375726909040481,123580.81668934342
249,0.006200000000000054,1.0,-0.0005762546459704339,-43.084033036570254,0.013375132394901424,123489.05346517649
250,0.006225000000000055,1.0,-0.0005758463411911784,-43.051051412251034,0.01337589495032193,123390.70036517642
251,0.006250000000000055,1.0,-0.0005753665863892531,-43.02117762184443,0.013374031539692327,123306.04953597338
252,0.006275000000000056,1.0,-0.0005749312895289747,-42.98607616056492,0.01337482601067022,123197.29192650851
253,0.0063000000000000556,1.0,-0.0005744884042582641,-42.9542274832305,0.013374432225152848,123106.19533233723
254,0.006325000000000056,1.0,-0.0005740852422192451,-42.921823596664424,0.013375136331902238,123010.21801917972
255,0.006350000000000057,1.0,-0.0005736379523530487,-42.892326077003965,0.013373906356190731,122926.55785510437
256,0.006375000000000057,1.0,-0.000573218313179515,-42.85959992636201,0.013374327202409112,122827.11394362555
257,0.0064000000000000576,1.0,-0.0005727299271493853,-42.82889685024468,0.013372511768210842,122738.57266910173
258,0.006425000000000057,1.0,-0.0005722652036565942,-42.793163881533886,0.013372818266974135,122627.7496175254
259,0.006450000000000058,1.0,-0.000571805727908884,-42.75916219229091,0.013372706540353482,122528.29945710569
260,0.006475000000000058,1.0,-0.0005713949012258039,-42.72554445651756,0.013373613104154148,122429.17740607617
261,0.006500000000000059,1.0,-0.0005709435560316223,-42.69548614996,0.013372457079567818,122344.17355119047
262,0.006525000000000059,1.0,-0.0005705258746972403,-42.66246328954531,0.01337301765313329,122243.97622907303
263,0.006550000000000059,1.0,-0.0005700842191587643,-42.63190345955059,0.013372244091790638,122156.26866694438
264,0.00657500000000006,1.0,-0.0005696783164442401,-42.599589546859185,0.013372859281134594,122059.28880591241
265,0.00660000000000006,1.0,-0.0005692233167456614,-42.56986588467289,0.013371508340847462,121974.71132437617
266,0.0066250000000000605,1.0,-0.0005688165187909883,-42.53653940335669,0.013372421141201282,121873.08693959867
267,0.006650000000000061,1.0,-0.0005683603058052063,-42.50674346178083,0.013371062083742953,121788.86168348094
268,0.006675000000000061,1.0,-0.0005679323734576104,-42.4733281131677,0.013371506276701172,121686.90179665959
269,0.006700000000000062,1.0,-0.0005674934938826803,-42.44198418166334,0.01337104060577499,121596.39710208352
270,0.006725000000000062,1.0,-0.0005671068183237118,-42.40983841980973,0.013372057981216334,121500.97673851324
271,0.006750000000000062,1.0,-0.0005666794543796248,-42.381516344362964,0.013370910322678842,121421.85243856162
272,0.006775000000000063,1.0,-0.0005662802256559921,-42.35021404560909,0.013371366318152163,121327.21482272833
273,0.006800000000000063,1.0,-0.0005658074937918895,-42.32097251283314,0.01336943506249337,121243.36150229373
274,0.006825000000000064,1.0,-0.0005653637403033113,-42.28634723794657,0.013369888326414014,121135.73400562484
275,0.0068500000000000635,1.0,-0.0005649241518653087,-42.25384448598366,0.013369769277508084,121041.3615680543
276,0.006875000000000064,1.0,-0.0005645333204487137,-42.22164680341007,0.013370708231189094,120946.67143787838
277,0.006900000000000064,1.0,-0.000564071116445052,-42.193020331912116,0.013368825270335637,120866.31202451969
278,0.006925000000000065,1.0,-0.000563642261760138,-42.15916617082053,0.013369388271968475,120761.41005980813
279,0.0069500000000000655,1.0,-0.000563212574824882,-42.12775468266174,0.013369157199746988,120670.82117456585
280,0.006975000000000065,1.0,-0.0005628283799325548,-42.096282236274725,0.013370025808301923,120578.10743622962
281,0.007000000000000066,1.0,-0.000562390984556787,-42.068141857410914,0.01336857202923294,120499.04058531954
282,0.007025000000000066,1.0,-0.0005619834551501886,-42.036104805817565,0.01336906589576333,120401.07570641083
283,0.007050000000000067,1.0,-0.0005615533522564418,-42.006255288999796,0.013368326893054332,120315.23145556392
284,0.007075000000000067,1.0,-0.00056116431977758,-41.974752375707155,0.013369091847278015,120220.85434499751
285,0.007100000000000067,1.0,-0.0005607108593739739,-41.94625766751573,0.013367363158315857,120140.16018817302
286,0.007125000000000068,1.0,-0.0005603005363012711,-41.91304393195585,0.013368166177834677,120037.56406801585
287,0.007150000000000068,1.0,-0.0005598799019788297,-41.88298979288992,0.013367715742057059,119951.84545742189
288,0.0071750000000000685,1.0,-0.0005594979440294202,-41.852171030832714,0.013368432992812611,119860.61218032533
289,0.007200000000000068,1.0,-0.0005590602643231,-41.8241646813258,0.01336692002297697,119781.67586461449
290,0.007225000000000069,1.0,-0.0005586516601855214,-41.792072638612076,0.013367407379297529,119683.47517166812
291,0.00725000000000007,1.0,-0.0005582142733910801,-41.76211250738639,0.013366523862803868,119597.31632234008
292,0.00727500000000007,1.0,-0.0005578172601555144,-41.73004194188625,0.013367282518726853,119500.88040787142
293,0.00730000000000007,1.0,-0.0005573933821428694,-41.70093169178851,0.013366449130263146,119418.28642281695
294,0.00732500000000007,1.0,-0.0005570028114121739,-41.669851632350586,0.013367045707927171,119325.11621518436
295,0.007350000000000071,1.0,-0.0005565439630508629,-41.64121376682652,0.013365219519471205,119243.39716185337
296,0.007375000000000072,1.0,-0.0005561170896730814,-41.60756957223017,0.013365767224342911,119139.20178901932
297,0.0074000000000000715,1.0,-0.0005556934735654878,-41.57626988326746,0.01336564042723633,119048.81325549944
298,0.007425000000000072,1.0,-0.0005553175399162307,-41.5452090275257,0.013366584328611902,118957.64002189008
299,0.007450000000000072,1.0,-0.0005548692348555566,-41.517644398516694,0.013364660806126576,118880.53333220106
300,0.007475000000000073,1.0,-0.0005544542884029421,-41.4847732716443,0.013365248130256097,118778.57359512195
301,0.007500000000000073,1.0,-0.0005540377094006595,-41.454348102076416,0.013365008371049697,118690.99867510426
302,0.007525000000000073,1.0,-0.0005536677034604161,-41.423803228869275,0.013365931186988436,118601.06829172508
303,0.007550000000000074,1.0,-0.0005532470362674672,-41.39667323799432,0.013364528910011324,118525.16407047588
304,0.007575000000000074,1.0,-0.0005528570474762288,-41.36582860588223,0.013365066435478398,118431.05278152505
305,0.007600000000000075,1.0,-0.0005524374037244617,-41.337233409976264,0.01336416005990225,118349.14850211881
306,0.007625000000000074,1.0,-0.0005520621274335778,-41.306463819767295,0.013365029982774446,118256.5208509193
307,0.007650000000000075,1.0,-0.0005516218977123732,-41.278947390326806,0.013363274322291433,118179.00508319779
308,0.007675000000000076,1.0,-0.0005512126936282673,-41.2466683725594,0.013363811318030678,118079.23734936313
309,0.007700000000000076,1.0,-0.0005507999551612799,-41.21666425138101,0.013363525776902838,117992.74774870177
310,0.007725000000000076,1.0,-0.0005504293489229215,-41.18640097821371,0.013364346868134485,117903.45892759366
311,0.007750000000000076,1.0,-0.0005499861864866117,-41.15922697160655,0.013362403207086869,117826.99493243216
312,0.007775000000000077,1.0,-0.0005495770274842235,-41.12673185663003,0.01336301239301188,117726.04967077731
313,0.007800000000000077,1.0,-0.0005491666168659439,-41.09669960269086,0.013362791225940354,117640.01659303645
314,0.007825000000000078,1.0,-0.000548803000272024,-41.06657548019677,0.013363739095719565,117551.54634101359
315,0.007850000000000077,1.0,-0.0005483932761294462,-41.03988603716519,0.013362446368219162,117477.11772237196
316,0.007875000000000078,1.0,-0.0005480124523353793,-41.009812301959364,0.013362959291310787,117385.89037507272
317,0.007900000000000079,1.0,-0.0005475875911245131,-40.98185985114504,0.013361706694461148,117306.00853406709
318,0.00792500000000008,1.0,-0.0005471959368275555,-40.95067505574971,0.013362317863688697,117211.21591773933
319,0.007950000000000079,1.0,-0.0005467837187836767,-40.92192764646885,0.01336163153181418,117129.05898455597
320,0.00797500000000008,1.0,-0.000546409811345609,-40.89167085901015,0.013362374289609446,117038.80296429839
321,0.00800000000000008,1.0,-0.0005459828471535193,-40.86422606844157,0.013360900222093484,116961.23436233806
322,0.008025000000000079,1.0,-0.0005455949528215782,-40.83288691431097,0.013361655127802389,116865.39571499558
323,0.008050000000000078,1.0,-0.0005451896632050023,-40.80441548630762,0.013361045776723523,116784.46199431785
324,0.008075000000000075,1.0,-0.0005448303476170234,-40.77466724512785,0.013361981456320162,116696.02017825903
325,0.008100000000000074,1.0,-0.000544400178922082,-40.74829349575537,0.013360073078368069,116622.29083262026
326,0.008125000000000073,1.0,-0.0005440018760601307,-40.7167191312473,0.01336065104623438,116524.4640596115
327,0.008150000000000072,1.0,-0.0005435994692091187,-40.68748371756949,0.013360360964627163,116440.46421609017
328,0.00817500000000007,1.0,-0.0005432403511492516,-40.6579470712635,0.013361234156684873,116353.46845697533
329,0.008200000000000068,1.0,-0.000542806522249812,-40.63158782044629,0.013359224961832908,116279.65335184122
330,0.008225000000000067,1.0,-0.0005424085575221972,-40.59974479707867,0.013359900665218612,116180.46602354778
331,0.008250000000000066,1.0,-0.0005420103484223413,-40.57053420244725,0.013359704501737785,116096.69882538023
332,0.008275000000000065,1.0,-0.0005416553169865257,-40.541305670903384,0.01336057899524616,116010.84313236977
333,0.008300000000000063,1.0,-0.0005412571274551088,-40.5152463781234,0.013359344341723313,115937.91078048879
334,0.008325000000000062,1.0,-0.0005408888573663923,-40.48601928290215,0.013359892302250069,115849.23196093409
335,0.00835000000000006,1.0,-0.0005404679950085125,-40.45898827354398,0.013358415968150222,115772.07645557106
336,0.00837500000000006,1.0,-0.0005400768110513095,-40.428096993793304,0.013358947148420675,115677.31600736057
337,0.008400000000000057,1.0,-0.0005396731457738669,-40.39938410743109,0.013358449830293306,115594.71516448124
338,0.008425000000000056,1.0,-0.0005393119273139308,-40.36973042362461,0.013359314557085134,115506.90863461905
339,0.008450000000000055,1.0,-0.000538899114235659,-40.343189740864396,0.013357870750854331,115432.48497885496
340,0.008475000000000054,1.0,-0.0005385183071033015,-40.31285812118024,0.013358474992879898,115339.90813235656
341,0.008500000000000051,1.0,-0.0005381157348804885,-40.284878152231485,0.01335776002218542,115260.00646684633
342,0.00852500000000005,1.0,-0.000537757796818842,-40.255298983836695,0.013358683462635874,115171.719415338
343,0.008550000000000049,1.0,-0.0005373667035704861,-40.228999329761294,0.01335769500915584,115098.10106434468
344,0.008575000000000048,1.0,-0.0005370044685535419,-40.20026358398542,0.013358232525805338,115011.78025684194
345,0.008600000000000047,1.0,-0.0005365747124595044,-40.17364820925884,0.013356385003038877,114936.02073736415
346,0.008625000000000044,1.0,-0.0005361902177960096,-40.14207169415455,0.013357313042567483,114838.26201307855
347,0.008650000000000043,1.0,-0.0005358005830684893,-40.11382078225869,0.013357006952213838,114758.23515125168
348,0.008675000000000042,1.0,-0.0005354589070959886,-40.0851922019328,0.013358022693232097,114674.07397818453
349,0.008700000000000041,1.0,-0.0005350834894177318,-40.06008741189926,0.013357022512606728,114604.50870457516
350,0.008725000000000038,1.0,-0.0005347266638392609,-40.03250343542433,0.013357312632266886,114521.7334939268
351,0.008750000000000037,1.0,-0.0005343015254461432,-40.00628552153199,0.013355439488591712,114446.42752772114
352,0.008775000000000036,1.0,-0.0005339048954131468,-39.97504829400236,0.01335595373109908,114349.51450567614
353,0.008800000000000035,1.0,-0.0005335044742020423,-39.94590573057746,0.013355673490053318,114265.3999395751
354,0.008825000000000032,1.0,-0.0005331565683033549,-39.91648460869939,0.013356801670534855,114178.6308542301
355,0.008850000000000031,1.0,-0.0005327558159683903,-39.89092207214159,0.013355314650408848,114107.8329742088
356,0.00887500000000003,1.0,-0.0005323930263946934,-39.86147662079452,0.01335607888938465,114017.8709385286
357,0.00890000000000003,1.0,-0.000532006667107336,-39.8348204997704,0.01335531729358244,113942.40181830425
358,0.008925000000000028,1.0,-0.0005316590670063976,-39.8064325838288,0.013356109364655347,113857.6061378388
359,0.008950000000000026,1.0,-0.0005312632587482837,-39.78089251589302,0.01335473452577859,113785.80284010524
360,0.008975000000000025,1.0,-0.0005309062386099993,-39.751810332733456,0.013355523538831812,113697.13779582153
361,0.009000000000000024,1.0,-0.0005305157583039479,-39.725578123474584,0.013354513222060733,113622.99410376935
362,0.009025000000000023,1.0,-0.0005301630568437285,-39.696887413899944,0.013355280259532157,113536.51115869368
363,0.00905000000000002,1.0,-0.000529753932434043,-39.67097252138198,0.013353691597767475,113463.35044012209
364,0.009075000000000019,1.0,-0.0005293812108893465,-39.640893570828844,0.013354421739849739,113371.14753582326
365,0.009100000000000018,1.0,-0.0005290009387321612,-39.613479887771156,0.013354063824508029,113293.2892466686
366,0.009125000000000017,1.0,-0.000528663559066506,-39.58551085689254,0.013354976293667215,113211.02634417936
367,0.009150000000000014,1.0,-0.0005282541970708844,-39.56069657031324,0.013353005454087272,113141.86491499952
368,0.009175000000000013,1.0,-0.0005278842448727261,-39.53058798076825,0.013353817178979056,113048.4301194156
369,0.009200000000000012,1.0,-0.0005275073192702017,-39.503377983248356,0.01335347370784074,112971.2022501314
370,0.009225000000000011,1.0,-0.0005271726561608704,-39.475655091585764,0.013354373852385727,112889.63949704211
371,0.009250000000000008,1.0,-0.0005267861525122565,-39.45104060782207,0.013352908932085536,112821.10009640177
372,0.009275000000000007,1.0,-0.000526427508042703,-39.42261325052409,0.013353440186659989,112734.33001374986
373,0.009300000000000006,1.0,-0.0005260249394083252,-39.396234936850966,0.013352162719394413,112658.99627198577
374,0.009325000000000005,1.0,-0.0005256540116191823,-39.36662599927053,0.013352782929096405,112568.87856811694
375,0.009350000000000004,1.0,-0.0005252723063757519,-39.33934424699852,0.013352340168095932,112490.95616806818
376,0.009375000000000001,1.0,-0.000524931439708999,-39.31126981257488,0.01335320487513441,112407.95461063331
377,0.0094,1.0,-0.0005245210009746695,-39.28619905693904,0.013351278911315918,112337.77356320916
378,0.009425,1.0,-0.0005241388154452013,-39.25601127322326,0.013351810294662293,112244.16707147637
379,0.009449999999999998,1.0,-0.0005237578487214742,-39.227901513744214,0.013351666250563162,112163.26307791335
380,0.009474999999999996,1.0,-0.0005234203213184677,-39.1998813974714,0.013352599616595552,112081.18708052584
381,0.009499999999999995,1.0,-0.0005230199514427341,-39.175056244804566,0.013350841111098532,112012.02909567353
382,0.009524999999999994,1.0,-0.0005226532940818694,-39.14560902600172,0.01335151775859987,111921.24291289102
383,0.009549999999999993,1.0,-0.0005222835045920841,-39.118641363883626,0.013351269021175246,111844.34645186513
384,0.00957499999999999,1.0,-0.0005219593395327619,-39.09144333357041,0.013352265739559452,111764.57500765681
385,0.009599999999999989,1.0,-0.000521582697722833,-39.06760098176359,0.013350773649149925,111698.61073680743
386,0.009624999999999988,1.0,-0.0005212403668814443,-39.03989896305664,0.013351478377920311,111613.98611656883
387,0.009649999999999987,1.0,-0.0005208670977727825,-39.01472051732353,0.013350527464153031,111542.75602380018
388,0.009674999999999986,1.0,-0.0005205320344890425,-38.98726656091644,0.013351334433146953,111460.21414123294
389,0.009699999999999983,1.0,-0.0005201400479536265,-38.96262264431054,0.013349718593175328,111390.98165558561
390,0.009724999999999982,1.0,-0.0005197849334821846,-38.933792020490486,0.013350483128091574,111302.33966294059
391,0.009749999999999981,1.0,-0.0005194199492159883,-38.907657636345235,0.01335006990322586,111228.37184942828
392,0.00977499999999998,1.0,-0.0005190961823967254,-38.88078638297695,0.013350969223811779,111149.33154828208
393,0.009799999999999977,1.0,-0.0005186960777473635,-38.85694968359447,0.013348862480740702,111083.10053432756
394,0.009824999999999976,1.0,-0.000518336193129393,-38.827492760645775,0.013349720939353594,110991.42462586235
395,0.009849999999999975,1.0,-0.0005179727057446637,-38.80099695891269,0.013349468991561156,110916.4078743437
396,0.009874999999999974,1.0,-0.0005176492365697151,-38.774235910517284,0.013350340101203794,110838.05706278248
397,0.009899999999999971,1.0,-0.0005172753661418338,-38.75042112461581,0.013348896634654633,110771.82659890605
398,0.00992499999999997,1.0,-0.0005169302680526252,-38.72289564495828,0.01334947346893283,110687.96922695328
399,0.00994999999999997,1.0,-0.0005165456625902059,-38.69748847251033,0.013348299411139982,110615.70518490227
400,0.009974999999999968,1.0,-0.0005161961877120897,-38.66917264691269,0.013349036257523919,110529.95202976
401,0.009999999999999967,1.0,-0.0005158290522755841,-38.64344324193429,0.013348423665203503,110457.12247429082
402,0.010024999999999964,0.0,-0.0005141342820530516,-31.593186083897834,0.01627358129337552,106737.59191299432
403,0.010049999999999963,0.0,-0.0005119186868322033,-31.50756227760771,0.016247486312072505,108057.0922782355
404,0.010074999999999962,0.0,-0.000511447685913595,-31.39562515864904,0.016290412544076975,107669.47509042583
405,0.010099999999999961,0.0,-0.0005110836910357761,-31.371829076512824,0.01629116650448697,107660.5162008397
406,0.010124999999999959,0.0,-0.0005103089426073955,-31.35343919303801,0.016276011682976994,107605.34977289295
407,0.010149999999999958,0.0,-0.0005106349154061174,-31.314297067177367,0.01630676602162494,107422.6704290965
408,0.010174999999999957,0.0,-0.0005134843330030334,-31.330765985147792,0.016389140732992236,107559.04095145474
409,0.010199999999999956,0.0,-0.0005028200436412903,-31.474725311972307,0.01597535923371596,108331.30860145351
410,0.010224999999999953,0.0,-0.0005237376990716167,-30.93403882044789,0.01693078948117883,105303.76941752127
411,0.010249999999999952,0.0,-0.0004814414251360408,-31.99179813668713,0.015048901692835445,111420.9770778967
412,0.01027499999999995,0.0,-0.0005595004976065325,-29.840704903857016,0.018749573758702162,98969.36666130926
413,0.01029999999999995,0.0,-0.00041295003659094813,-33.77552961627916,0.012226308255782734,121646.8204620368
414,0.010324999999999949,0.0,-0.0006850722560670238,-26.239226246808542,0.02610870646958763,77400.11174274643
415,0.010349999999999946,0.0,-0.0001758728820612994,-39.83432382141713,0.004415109011257784,154734.44118698832
416,0.010374999999999945,0.0,-0.0011067856583434489,-12.078323737901624,0.09163404478639448,-5062.230211535841
417,0.010399999999999944,0.0,0.0006568251119400716,-58.70033304794816,-0.011189461419299912,256061.4421878119
418,0.010424999999999943,0.0,-0.0025426114881173037,38.49535129628081,-0.06604983205759068,-78881.91417612806
419,0.01044999999999994,0.0,0.003269440880327538,-102.22288631409651,-0.031983453003681064,39206.715562940975
420,0.01047499999999994,0.0,-0.007902326813760546,53.648978973846894,-0.1472968724644847,-39678.654208641405
421,0.010499999999999938,0.0,0.012751627584921182,-102.22288631409651,-0.12474337249429374,98819.26789784276
422,0.010524999999999937,0.0,-0.025941029415432255,53.648978973846894,-0.4835325836877182,-48375.417736259704
423,0.010549999999999934,0.0,0.045739329320677535,-102.22288631409651,-0.4474470538831781,102168.63869638383
424,0.010574999999999933,0.0,-0.08744676527389875,53.648978973846894,-1.6299800470858503,-48375.417736259704
425,0.010599999999999932,0.0,0.15957917569928504,-102.22288631409651,-1.5610904901369342,102168.63869638383
426,0.010624999999999931,0.0,-0.2992720873141011,53.648978973846894,-5.5783370539072505,-48375.417736259704
427,0.01064999999999993,0.0,0.5521952998389323,-102.22288631409651,-5.401875448343555,102168.63869638383
428,0.010674999999999928,0.0,-1.0292431056055205,53.648978973846894,-19.18476595998708,-48375.417736259704
429,0.010699999999999927,0.0,1.90600591364955,-102.22288631409651,-18.645588892814427,102168.63869638383
430,0.010724999999999926,0.0,-3.545210014723931,53.648978973846894,-66.08159339718598,-48375.417736259704
431,0.010749999999999925,0.0,6.574168228440482,-102.22288631409651,-64.31209747140456,102168.63869638383
432,0.010774999999999922,0.0,-12.218491358450382,53.648978973846894,-227.74881446311815,-48375.417736259704
433,0.01079999999999992,0.0,22.678645971314406,-102.22288631409651,-221.85487799308038,102168.63869638383
434,0.01082499999999992,0.0,-42.11178232130438,53.648978973846894,-784.9503033754523,-48375.417736259704
435,0.010849999999999919,0.0,78.10752742209448,-102.22288631409651,-764.090413002978,102168.63869638383
436,0.010874999999999916,0.0,-144.84844205088763,53.648978973846894,-2699.9291472350137,-48375.417736259704
437,0.010899999999999915,0.0,268.5902902247739,-102.22288631409651,-2627.496639054843,102168.63869638383
438,0.010924999999999914,0.0,-496.8798831874311,53.648978973846894,-9261.683869690285,-48375.417736259704
439,0.010949999999999913,0.0,933.228191222565,-102.22288631409651,-9129.346909214331,102168.63869638383
440,0.010974999999999912,0.0,-1763.0541664246794,53.648978973846894,-32862.772044257224,-48375.417736259704
441,0.01099999999999991,0.0,3230.3279031091215,-102.22288631409651,-31600.828538370668,102168.63869638383
442,0.011024999999999908,0.0,-5759.705902156136,53.648978973846894,-107359.09633925951,-48375.417736259704
443,0.011049999999999907,0.0,10401.22496865252,-102.22288631409651,-101750.45279677445,102168.63869638383
444,0.011074999999999906,0.0,-18586.70913811097,53.648978973846894,-346450.3797392253,-48375.417736259704
445,0.011099999999999903,0.0,33546.47080074814,-102.22288631409651,-328169.8649915942,102168.63869638383
446,0.011124999999999902,0.0,-59847.32350294038,53.648978973846894,-1115535.181612964,-48375.417736259704
447,0.011149999999999901,0.0,106804.71584322638,-102.22288631409651,-1044821.9542055528,102168.63869638383
448,0.0111749999999999,0.0,-195756.52884233143,53.648978973846894,-3648839.7838430423,-48375.417736259704
449,0.011199999999999898,0.0,340954.72535655386,-102.22288631409651,-3335404.9924682695,102168.63869638383
450,0.011224999999999897,0.0,-628836.8791219137,53.648978973846894,-11721320.538615704,-48375.417736259704
451,0.011249999999999896,0.0,1098002.900857892,-102.22288631409651,-10741262.944621801,102168.63869638383
452,0.011274999999999894,0.0,-2012836.0158130082,53.648978973846894,-37518626.71597602,-48375.417736259704
453,0.011299999999999892,0.0,3541882.335780674,-102.22288631409651,-34648623.84043494,102168.63869638383
454,0.01132499999999989,0.0,-6445809.8740727445,53.648978973846894,-120147857.37516056,-48375.417736259704
455,0.01134999999999989,0.0,11405149.377685841,-102.22288631409651,-111571388.64815123,102168.63869638383
456,0.011374999999999889,0.0,-20662966.228702072,53.648978973846894,-385151155.23027885,-48375.417736259704
457,0.011399999999999888,0.0,36695888.13729319,-102.22288631409651,-358979182.26001835,102168.63869638383
458,0.011424999999999885,0.0,-66278677.864771575,53.648978973846894,-1235413592.8119242,-48375.417736259704
459,0.011449999999999884,0.0,118010090.24842234,-102.22288631409651,-1154439035.1669104,102168.63869638383
460,0.011474999999999883,0.0,-212680615.7759394,53.648978973846894,-3964299411.543659,-48375.417736259704
461,0.011499999999999882,0.0,379380283.0440098,-102.22288631409651,-3711304745.184967,102168.63869638383
462,0.011524999999999879,0.0,-682658763.9397402,53.648978973846894,-12724543448.86091,-48375.417736259704
463,0.011549999999999878,0.0,1219344724.5672858,-102.22288631409651,-11928294812.774607,102168.63869638383
464,0.011574999999999877,0.0,-2191627402.2730937,53.648978973846894,-40851241611.54084,-48375.417736259704
465,0.011599999999999876,0.0,3918354459.0393867,-102.22288631409651,-38331479381.23761,102168.63869638383
466,0.011624999999999873,0.0,-7037082219.495701,53.648978973846894,-131168986886.51982,-48375.417736259704
467,0.011649999999999872,0.0,12590047052.655533,-102.22288631409651,-123162703643.1994,102168.63869638383
468,0.011674999999999871,0.0,-22597676619.14084,53.648978973846894,-421213544998.8132,-48375.417736259704
469,0.01169999999999987,0.0,40449435033.93798,-102.22288631409651,-395698424222.2479,102168.63869638383
470,0.01172499999999987,0.0,-72571738327.69131,53.648978973846894,-1352714249474.701,-48375.417736259704
471,0.011749999999999866,0.0,129948082953.4677,-102.22288631409651,-1271222987719.022,102168.63869638383
472,0.011774999999999865,0.0,-233074460237.77734,53.648978973846894,-4344434222157.2905,-48375.417736259704
473,0.011799999999999864,0.0,417452820558.6325,-102.22288631409651,-4083751062124.5864,102168.63869638383
474,0.011824999999999863,0.0,-748580801242.6394,53.648978973846894,-13953309374397.633,-48375.417736259704
475,0.01184999999999986,0.0,1341005731255.1885,-102.22288631409651,-13118449102823.504,102168.63869638383
476,0.01187499999999986,0.0,-2404333888492.9023,53.648978973846894,-44816023239975.93,-48375.417736259704
477,0.011899999999999859,0.0,4307681729910.58,-102.22288631409651,-42140090983877.375,102168.63869638383
478,0.011924999999999858,0.0,-7722529177617.767,53.648978973846894,-143945501393090.6,-48375.417736259704
479,0.011949999999999855,0.0,13837231815723.092,-102.22288631409651,-135363344889381.6,102168.63869638383
480,0.011974999999999854,0.0,-24804505611823.92,53.648978973846894,-462348139447644.7,-48375.417736259704
481,0.011999999999999853,0.0,44447725083032.336,-102.22288631409651,-434811877121718.5,102168.63869638383
482,0.012024999999999852,0.0,-79672064454312.7,53.648978973846894,-1485062082787292.0,-48375.417736259704
483,0.01204999999999985,0.0,142772993027286.5,-102.22288631409651,-1396683249469137.2,102168.63869638383
484,0.012074999999999848,0.0,-255908540678329.9,53.648978973846894,-4770054259617534.0,-48375.417736259704
485,0.012099999999999847,0.0,458606141463186.2,-102.22288631409651,-4486335281651547.0,102168.63869638383
486,0.012124999999999846,0.0,-821988604415416.5,53.648978973846894,-1.5321607608154558e+16,-48375.417736259704
487,0.012149999999999845,0.0,1473098251239484.0,-102.22288631409651,-1.4410650142602598e+16,102168.63869638383
488,0.012174999999999842,0.0,-2640270777643918.0,53.648978973846894,-4.921381223174838e+16,-48375.417736259704
489,0.012199999999999841,0.0,4731754009139642.0,-102.22288631409651,-4.628859719926666e+16,102168.63869638383
490,0.01222499999999984,0.0,-8480712280859085.0,53.648978973846894,-1.580777946397323e+17,-48375.417736259704
491,0.01224999999999984,0.0,1.5198880377214456e+16,-102.22288631409651,-1.4868373341086666e+17,102168.63869638383
492,0.012274999999999836,0.0,-2.7240623430716556e+16,53.648978973846894,-5.0775660509766586e+17,-48375.417736259704
493,0.012299999999999835,0.0,4.882028525058191e+16,-102.22288631409651,-4.775866443505969e+17,102168.63869638383
494,0.012324999999999834,0.0,-8.749885456500643e+16,53.648978973846894,-1.6309509749973222e+18,-48375.417736259704
495,0.012349999999999833,0.0,1.5681532769331843e+17,-102.22288631409651,-1.534053022250592e+18,102168.63869638383
496,0.012374999999999832,0.0,-2.8105293959129654e+17,53.648978973846894,-5.238737902697194e+18,-48375.417736259704
497,0.01239999999999983,0.0,5.037050850741286e+17,-102.22288631409651,-4.927517733420405e+18,102168.63869638383
498,0.012424999999999829,0.0,-9.027639568622889e+17,53.648978973846894,-1.6827234630175783e+19,-48375.417736259704
499,0.012449999999999828,0.0,1.6179455191537357e+18,-102.22288631409651,-1.582762507979215e+19,102168.63869638383
500,0.012474999999999827,0.0,-2.8997497316381624e+18,53.648978973846894,-5.405041786632601e+19,-48375.417736259704
501,0.012499999999999824,0.0,5.19698257151452e+18,-102.22288631409651,-5.083971661244178e+19,102168.63869638383
502,0.012524999999999823,0.0,-9.314230573731504e+18,53.648978973846894,-1.7361431199412122e+20,-48375.417736259704
503,0.012549999999999822,0.0,1.669315745204246e+19,-102.22288631409651,-1.633015663512964e+20,102168.63869638383
504,0.01257499999999982,0.0,-2.9918069650790445e+19,53.648978973846894,-5.5766335581847834e+20,-48375.417736259704
505,0.012599999999999818,0.0,5.361985317313963e+19,-102.22288631409651,-5.245386342191892e+20,102168.63869638383
506,0.012624999999999817,0.0,-9.609930275569105e+19,53.648978973846894,-1.7912606091261882e+21,-48375.417736259704
507,0.012649999999999816,0.0,1.7223153822078498e+20,-102.22288631409651,-1.6848627976672017e+21,102168.63869638383
508,0.012674999999999815,0.0,-3.0867891454621975e+20,53.648978973846894,-5.753677338327282e+21,-48375.417736259704
509,0.012699999999999814,0.0,5.5322231474418536e+20,-102.22288631409651,-5.411922268016572e+21,102168.63869638383
510,0.012724999999999811,0.0,-9.915023209611503e+20,53.648978973846894,-1.8481289670852698e+22,-48375.417736259704
511,0.01274999999999981,0.0,1.7769968671698785e+21,-102.22288631409651,-1.73835520717911e+22,102168.63869638383
512,0.012774999999999809,0.0,-3.184788063038456e+21,53.648978973846894,-5.936344221184515e+22,-48375.417736259704
513,0.012799999999999808,0.0,5.70786389415929e+21,-102.22288631409651,-5.58374362138528e+22,102168.63869638383
514,0.012824999999999805,0.0,-1.022980512446732e+22,53.648978973846894,-1.9068033204237123e+23,-48375.417736259704
515,0.012849999999999804,0.0,1.8334139709691286e+22,-102.22288631409651,-1.793545493653608e+23,102168.63869638383
516,0.012874999999999803,0.0,-3.285898924636635e+22,53.648978973846894,-6.124811669274196e+23,-48375.417736259704
517,0.012899999999999802,0.0,5.8890799553771576e+22,-102.22288631409651,-5.761019051332593e+23,102168.63869638383
518,0.0129249999999998,0.0,-1.0554582316253913e+23,53.648978973846894,-1.9673407617690396e+24,-48375.417736259704
519,0.012949999999999798,0.0,1.8916219958109277e+23,-102.22288631409651,-1.850487756722707e+24,102168.63869638383
520,0.012974999999999797,0.0,-3.39022022665132e+23,53.648978973846894,-6.319263276760597e+24,-48375.417736259704
521,0.012999999999999796,0.0,6.076048797120975e+23,-102.22288631409651,-5.943922164799106e+24,102168.63869638383
522,0.013024999999999795,0.0,-1.0889671420681841e+24,53.648978973846894,-2.0298003110162446e+25,-48375.417736259704
