,t,stimstate,Qm,Vm,"('m', 'CaHVA')","('h', 'CaHVA')","('m', 'Ih')","('m', 'NaTs2t')","('h', 'NaTs2t')","('m', 'CaLVAst')","('h', 'CaLVAst')","('m', 'SKv31')",Cm,iax
0,0.0,0.0,-0.00075,-85.73559945926456,0.0,0.0,0.0,0.0,0.0,0.0,0.0,0.0,0.008747824762762015,-5.46229728115577e-10
1,0.0,0.0,-0.00075,-85.73559945926456,0.0,0.0,0.0,0.0,0.0,0.0,0.0,0.0,0.008747824762762015,-5.46229728115577e-10
2,2.5e-05,0.0,-0.000749948475705363,-85.73559945926456,1.5646569556828923e-11,4.89361259530391e-08,3.335465939044451e-08,3.153413611536432e-08,9.78500305890191e-06,1.854008908257956e-09,4.614173178370877e-07,4.520570157460271e-10,0.008747223795428,-5.46229728115577e-10
3,5e-05,1.0,-0.000749784514175053,-111.247892667427,8.049068024977923e-10,1.669393277296316e-07,1.098285897994791e-06,2.599391562233297e-07,2.9568676728494767e-05,2.2642433999515257e-08,1.1588431683562495e-06,1.5884122315065003e-09,0.0067397637492021215,0.9420120236880436
4,7.5e-05,1.0,-0.0007496312882375196,-111.22441469521101,1.5958242336426503e-09,2.8487099831150193e-07,2.1618433178061167e-06,4.887655709623828e-07,4.9343970883914014e-05,4.3483250057443915e-08,1.8561988032041185e-06,2.7262260634201377e-09,0.006739808793705403,2.7719603623799216
5,9.999999999999999e-05,1.0,-0.000749481715798719,-111.20247397352234,2.388207696927168e-09,4.0273582029833707e-07,3.224116778040329e-06,7.179820378977497e-07,6.911140826814531e-05,6.4373021353084e-08,2.5534887561187892e-06,3.865399335268446e-09,0.006739793540719003,3.1633794327268205
6,0.00012499999999999998,1.0,-0.0007493340519482088,-111.18105640346307,3.1819935693274915e-09,5.205353873598684e-07,4.28513686186303e-06,9.475778493032665e-07,8.887116704577532e-05,8.531057853319086e-08,3.250714569994613e-06,5.005898293229697e-09,0.006739763734830536,3.4040899858966966
7,0.00015,1.0,-0.0007491876067257092,-111.15991212789409,3.977149668433232e-09,6.382705319676921e-07,5.3449195477841e-06,1.1775473821613177e-06,0.0001086233404807588,1.0629531064223462e-07,3.947877050858776e-06,6.147705302750763e-09,0.006739728310181981,3.6012986148348247
8,0.00017500000000000003,1.0,-0.0007490420253181531,-111.13894235005344,4.773656251336059e-09,7.559417855832547e-07,6.403475039588735e-06,1.4078870243273317e-06,0.00012836798826509522,1.273268275251349e-07,4.644976713374612e-06,7.2908091031694195e-09,0.006739690062542627,3.773726195976934
9,0.00020000000000000004,1.0,-0.0007488970985191525,-111.1180962635641,5.571499977198488e-09,8.735495251420086e-07,7.460810571134256e-06,1.6385941979253349e-06,0.00014810515282577804,1.4840485257135258e-07,5.342013922245793e-06,8.435201711687793e-09,0.006739650189315902,3.9283721738625488
10,0.00022500000000000008,1.0,-0.0007487526930925357,-111.09734391175414,6.370671283707521e-09,9.910940360700957e-07,8.516931625312935e-06,1.869666935024336e-06,0.00016783486640940113,1.6952917612110569e-07,6.038988953927918e-06,9.580877078277966e-09,0.0067396093077371705,4.069082817479419
11,0.00025000000000000006,1.0,-0.0007486087197803121,-111.0766662162756,7.171163017804815e-09,1.1085755458844123e-06,9.571842569890757e-06,2.1011036562323308e-06,0.00018755715477892514,1.906996311521659e-07,6.735902028621868e-06,1.072783038387261e-08,0.006739567771350897,4.198300109514719
12,0.00027500000000000007,1.0,-0.0007484651164423628,-111.05605039610215,7.97296964272092e-09,1.225994243027073e-06,1.0625547025430755e-05,2.3329030425185345e-06,0.000207272039353302,2.1191607920699465e-07,7.432753328784427e-06,1.1876057634083269e-08,0.006739525795963589,4.317694654929483
13,0.0003000000000000001,1.0,-0.0007483218383931345,-111.0354875532687,8.776086748806085e-09,1.3433502889656023e-06,1.1678048092446826e-05,2.565063956171356e-06,0.000226979538527222,2.331784017145573e-07,8.12954301061206e-06,1.3025555408687037e-08,0.006739483519033777,4.428475990247982
14,0.00032500000000000015,1.0,-0.0007481788525521507,-111.01497128916343,9.580510738538533e-09,1.4606438255756068e-06,1.2729348497437234e-05,2.797585389919201e-06,0.0002466796685200965,2.5448649440376106e-07,8.826271211473752e-06,1.417632070037488e-08,0.006739441030916009,4.531563821461582
15,0.00035000000000000016,1.0,-0.0007480361337626973,-110.99449686692822,1.038623861700884e-08,1.5778749802964927e-06,1.3779450690069357e-05,3.0304664330998026e-06,0.0002663724439411352,2.758402635903268e-07,9.522938054733975e-06,1.5328350807537517e-08,0.006739398392512389,4.627687794354074
16,0.00037500000000000017,1.0,-0.0007478936624044552,-110.97406068432394,1.119326784881294e-08,1.6950438696152969e-06,1.4828356909301595e-05,3.2637062485596368e-06,0.0002860578781745449,2.9723962364073234e-07,1.0219543653225099e-05,1.6481643261058705e-08,0.006739355645747779,4.717447805355768
17,0.0004000000000000002,1.0,-0.0007477514228067523,-110.9536599318788,1.2001596258029872e-08,1.8121506015754446e-06,1.5876069229934053e-05,3.497304056511852e-06,0.0003057359836492915,3.1868449520011566e-07,1.0916088111366263e-05,1.7636195773176948e-08,0.006739312820017315,4.801351639418527
18,0.0004250000000000002,1.0,-0.0007476094021716176,-110.93329236567854,1.281122195684799e-08,1.9291952771638134e-06,1.6922589595593537e-05,3.731259123019906e-06,0.00032540677203092875,3.40174803929407e-07,1.1612571527029768e-05,1.879200620098195e-08,0.006739269936271351,4.879839185449875
19,0.00045000000000000026,1.0,-0.0007474675898292715,-110.9129561531567,1.3622143293642988e-08,2.046177992027505e-06,1.7967919842761512e-05,3.965570751620119e-06,0.0003450702543616742,3.6171047958492344e-07,1.2308993992671897e-05,1.9949072519884933e-08,0.006739227009666154,4.953298479870583
20,0.00047500000000000027,1.0,-0.0007473259767148602,-110.89264976648666,1.4434358814508909e-08,2.1630988369252337e-06,1.901206171861684e-05,4.200238277114896e-06,0.00036472644116387437,3.8329145533789475e-07,1.3005355596232319e-05,2.1107392803956022e-08,0.006739184051319448,5.022076651410856
21,0.0005000000000000002,1.0,-0.0007471845549950895,-110.87237190765426,1.5247867234247173e-08,2.279957898850216e-06,2.005501689448425e-05,4.4352610608916355e-06,0.00038437534251806735,4.049176672606712e-07,1.3701656421842331e-05,2.226696521108689e-08,0.006739141069494034,5.086487600114431
22,0.0005250000000000002,1.0,-0.0007470433177980219,-110.8521214549948,1.6062667414106887e-08,2.396755261318098e-06,2.1096786976145156e-05,4.670638487329898e-06,0.00040401696812294795,4.265890539323082e-07,1.4397896550278148e-05,2.342778797162706e-08,0.006739098070408299,5.146817540322424
23,0.00055,1.0,-0.000746902259014898,-110.8318974245021,1.6878758344411475e-08,2.5134910047372445e-06,2.2137373511718206e-05,4.9063699609968456e-06,0.00042365132734220004,4.483055561318133e-07,1.5094076059506568e-05,2.4589859379492726e-08,0.006739055058799137,5.203329110856636
24,0.000575,1.0,-0.0007467613731528903,-110.81169894145094,1.7696139130770683e-08,2.6301652070684677e-06,2.3176777998315466e-05,5.14245490441985e-06,0.0004432784292416683,4.7006711659285715e-07,1.579019502481847e-05,2.5753177785114534e-08,0.006739012038317842,5.256264504711616
25,0.0005999999999999998,1.0,-0.0007466206552243052,-110.79152521931266,1.8514808982955923e-08,2.746777943665779e-06,2.4215001887030938e-05,5.378892756289241e-06,0.0004628982826192399,4.918736798068299e-07,1.648625351924936e-05,2.691774158975379e-08,0.006738969011811724,5.305847914076622
26,0.0006249999999999998,1.0,-0.000746480100662174,-110.77137554388959,1.9334767205780516e-08,2.863329287817028e-06,2.525204658720043e-05,5.6156829699837456e-06,0.0004825108960293904,5.137251918619651e-07,1.718225161364744e-05,2.8083549240834e-08,0.006738925981526747,5.352287488595842
27,0.0006499999999999998,1.0,-0.0007463397052551362,-110.75124926122861,2.0156013191506572e-08,2.979819310874291e-06,2.6287913469839413e-05,5.8528250123421714e-06,0.0005021162778039623,5.356216003081789e-07,1.7878189377016195e-05,2.925059922805039e-08,0.00673888294925457,5.395776933667662
28,0.0006749999999999996,1.0,-0.0007461994650965839,-110.73114576829673,2.0978546413429535e-08,3.0962480821776514e-06,2.732260387089794e-05,6.0903183626250665e-06,0.0005217144360690822,5.575628540433655e-07,1.8574066876591086e-05,3.041889008008758e-08,0.006738839916440449,5.436496848623129
29,0.0006999999999999996,1.0,-0.000746059376544453,-110.71106450569911,2.1802366420382597e-08,3.212615669480701e-06,2.8356119093453673e-05,6.3281625116246155e-06,0.0005413053787603554,5.795489032153121e-07,1.926988417788161e-05,3.1588420361804306e-08,0.006738796884263071,5.474615861920107
30,0.0007249999999999994,1.0,-0.0007459194361890328,-110.69100495192154,2.2627472831967328e-08,3.328922138968996e-06,2.9388460410126115e-05,6.566356960892149e-06,0.000560889113635434,6.015796991377523e-07,1.9965641344907194e-05,3.2759188671785155e-08,0.006738753853694089,5.510291612065288
31,0.0007499999999999994,1.0,-0.0007457796408268821,-110.67096661872081,2.3453865334366027e-08,3.4451675552763036e-06,3.041962906506612e-05,6.804901222058951e-06,0.0005804656482856271,6.236551942154282e-07,2.0661338440245133e-05,3.3931193640203476e-08,0.006738710825543001,5.54367160675362
32,0.0007749999999999992,1.0,-0.0007456399874394298,-110.65094904738996,2.4281543676625048e-08,3.5613519817010795e-06,3.144962627553819e-05,7.043794816233934e-06,0.0006000349901457282,6.457753418787808e-07,2.1356975525116067e-05,3.510443392690394e-08,0.0067386678004911155,5.574893982180917
33,0.0007999999999999992,1.0,-0.0007455004731752139,-110.6309518056938,2.5110507667323705e-08,3.6774754802193895e-06,3.247845323352599e-05,7.283037273463069e-06,0.0006195971465030614,6.679400965248419e-07,2.205255265939957e-05,3.6278908219702394e-08,0.006738624779117607,5.604088184378853
34,0.0008249999999999991,1.0,-0.0007453610953349625,-110.61097448532601,2.5940757171563733e-08,3.7935381113956208e-06,3.350611110720432e-05,7.522628132241105e-06,0.000639152124505767,6.901494134625041e-07,2.2748069901914026e-05,3.745461523284261e-08,0.006738581761919514,5.631375580237297
35,0.000849999999999999,1.0,-0.0007452218513589272,-110.59101669977252,2.677229210822725e-08,3.909539934898133e-06,3.4532601042035546e-05,7.762566939066715e-06,0.0006586999311700231,7.124032488651549e-07,2.34435273101888e-05,3.863155370558442e-08,0.006738538749327368,5.656870015875448
36,0.0008749999999999989,1.0,-0.0007450827388160003,-110.57107808249796,2.7605112447462605e-08,4.0254810091050345e-06,3.555792416216359e-05,8.00285324803441e-06,0.0006782405733868634,7.347015597247632e-07,2.413892494078053e-05,3.980972240091942e-08,0.006738495741717271,5.680678322437238
37,0.0008999999999999988,1.0,-0.0007449437553942826,-110.55115828538729,2.8439218208365804e-08,4.141361391315199e-06,3.658208157127737e-05,8.243486620458656e-06,0.0006977740579286015,7.570443038127023e-07,2.4834262849195097e-05,4.098912010438165e-08,0.006738452739420548,5.702900782322828
38,0.0009249999999999987,1.0,-0.0007448048988928166,-110.53125697739506,2.9274609456831467e-08,4.2571811378575965e-06,3.760507435378063e-05,8.484466624525019e-06,0.0007173003914545504,7.794314396390227e-07,2.552954108991369e-05,4.216974562294426e-08,0.006738409742731307,5.72363155799227
39,0.0009499999999999987,1.0,-0.0007446661672142805,-110.51137384336195,3.011128630355207e-08,4.372940304200022e-06,3.862690357568856e-05,8.725792834965623e-06,0.000736819580516364,8.018629264189376e-07,2.622475971652378e-05,4.335159778399697e-08,0.0067383667519124784,5.7429590864011
40,0.0009749999999999985,1.0,-0.000744527558358476,-110.49150858296828,3.094924890214803e-08,4.488638944754451e-06,3.9647570285337476e-05,8.967464832756381e-06,0.0007563316315632256,8.243387240390327e-07,2.691991878173453e-05,4.453467543438576e-08,0.006738323767200707,5.760966445573779
41,0.0009999999999999985,1.0,-0.000744389070416478,-110.47166090980181,3.178849744741468e-08,4.604277113085779e-06,4.066707551440871e-05,9.209482204832541e-06,0.0007758365509463481,8.468587930262122e-07,2.761501833738784e-05,4.571897743952287e-08,0.006738280788810252,5.77773169451401
42,0.0010249999999999984,0.0,-0.0007443581969485306,-85.21557941723229,3.180502923493075e-08,4.652708692309697e-06,4.069923970423848e-05,9.242096436631733e-06,0.0007854285991955164,8.488832616836422e-07,2.805237557168726e-05,4.6191385006304526e-08,0.008735001299515972,3.7496849019857947
43,0.0010499999999999982,0.0,-0.0007443234488934948,-85.21271806923983,3.18215729138697e-08,4.701137493952703e-06,4.073139741923789e-05,9.274719673374688e-06,0.0007950195346283884,8.509086782662432e-07,2.8489600029971647e-05,4.6663899900547276e-08,0.008734886830962168,3.0750089925479784
44,0.0010749999999999983,0.0,-0.0007442874177708009,-85.20949762514563,3.1838130065288484e-08,4.749563169736707e-06,4.076354784843495e-05,9.307353719702553e-06,0.0008046092293472612,8.529351626972744e-07,2.8926675123813236e-05,4.7136536850557086e-08,0.008734794107636645,2.876748141495966
45,0.0010999999999999981,0.0,-0.0007442507191591124,-85.20615826654935,3.1854701212540204e-08,4.797985604388863e-06,4.0795690723271756e-05,9.339999172400583e-06,0.000814197641022559,8.549627546863391e-07,2.9363595360102648e-05,4.760930073251541e-08,0.008734705733720352,2.7607473127044813
46,0.001124999999999998,0.0,-0.0007442135927410746,-85.20275704518153,3.187128662773118e-08,4.846404737964014e-06,4.0827825904047925e-05,9.372656341321947e-06,0.0008237847476502647,8.569914748894875e-07,2.9800357881292332e-05,4.808219408234974e-08,0.00873461867374117,2.671003544203465
47,0.001149999999999998,0.0,-0.0007441761670502466,-85.1993161747908,3.188788648514035e-08,4.894820531943909e-06,4.0859953301218655e-05,9.405325424589432e-06,0.0008333705351408284,8.590213365440107e-07,3.0236960855962446e-05,4.855521852477807e-08,0.00873453215896159,2.5950426929721715
48,0.0011749999999999979,0.0,-0.0007441385218274857,-85.19584756784647,3.190450090658426e-08,4.943232959472566e-06,4.089207285214583e-05,9.438006560404379e-06,0.0008429549936485723,8.610523489086875e-07,3.067340300302502e-05,4.9028375195857044e-08,0.008734445904008226,2.5281595650206157
49,0.0011999999999999977,0.0,-0.0007441007099537189,-85.1923586147183,3.192112998133223e-08,4.991642000799408e-06,4.0924184510888525e-05,9.470699849791252e-06,0.0008525381159609835,8.630845187740946e-07,3.1109683382810074e-05,4.950166492848729e-08,0.008734359771853576,2.4679227826274186
50,0.0012249999999999976,0.0,-0.0007440627678832458,-85.18885421640196,3.1937773777069225e-08,5.040047641015517e-06,4.0956288242563294e-05,9.503405369119091e-06,0.0008621198966117572,8.651178512941327e-07,3.154580128206691e-05,4.997508835452007e-08,0.008734273687883298,2.4128852942961743
51,0.0012499999999999976,0.0,-0.0007440247214731248,-85.18533775147606,3.1954432346600676e-08,5.08844986837922e-06,4.098838401991421e-05,9.536123177759345e-06,0.0008717003313381084,8.671523504942122e-07,3.198175614355534e-05,5.044864596721576e-08,0.008734187609184336,2.3621140037821675
52,0.0012749999999999975,0.0,-0.0007439865895111892,-85.18181161636852,3.197110573217789e-08,5.136848673453079e-06,4.102047182111159e-05,9.568853323026518e-06,0.0008812794167312247,8.691880195994301e-07,3.2417547520785056e-05,5.092233816152985e-08,0.008734101510565018,2.3149692779389497
53,0.0012999999999999973,0.0,-0.0007439483859512418,-85.17827755233273,3.198779396838345e-08,5.185244048587382e-06,4.105255162824469e-05,9.601595843473928e-06,0.0008908571500026073,8.712248612534316e-07,3.285317504770432e-05,5.139616526098532e-08,0.008734015377267602,2.270989114951938
54,0.0013249999999999974,0.0,-0.0007439101213743371,-85.17473685260484,3.2004497084104366e-08,5.233635987333745e-06,4.108462342633098e-05,9.634350771147611e-06,0.000900433528824681,8.732628776678502e-07,3.3288638417982064e-05,5.1870127536054487e-08,0.008733929200881195,2.2298242493468123
55,0.0013499999999999973,0.0,-0.0007438718039675334,-85.17119049783525,3.202121510390882e-08,5.2820244842832096e-06,4.111668720260256e-05,9.667118133158897e-06,0.000910008551219071,8.753020707268183e-07,3.372393737062066e-05,5.2344225216979974e-08,0.00873384297694465,2.1912000037582757
56,0.001374999999999997,0.0,-0.0007438334401925445,-85.16763924679921,3.203794804902329e-08,5.330409534596997e-06,4.114874294599933e-05,9.699897952800701e-06,0.0009195822154778321,8.773424420610649e-07,3.415907167964281e-05,5.281845850287936e-08,0.008733756703494624,2.1548929392878335
57,0.001399999999999997,0.0,-0.0007437950352502222,-85.1640836983673,3.205469593803687e-08,5.3787911341894214e-06,4.118079064681927e-05,9.732690250352072e-06,0.0009291545201064637,8.793839931013768e-07,3.4594041146730054e-05,5.3292827568302833e-08,0.00873367038016381,2.120716058806593
58,0.001424999999999997,0.0,-0.0007437565934078603,-85.16052433455363,3.207145878741588e-08,5.427169279313049e-06,4.121283029645192e-05,9.765495043666152e-06,0.0009387254637821434,8.814267251174451e-07,3.502884559586215e-05,5.3767332568025014e-08,0.008733584007609067,2.088509139488437
59,0.0014499999999999969,0.0,-0.0007437181182327283,-85.15696155085027,3.2088236611884926e-08,5.475543966602466e-06,4.1244861887166245e-05,9.798312348605564e-06,0.0009482950453229483,8.834706392469396e-07,3.5463484869295385e-05,5.4241973640597404e-08,0.008733497587142392,2.0581322389823242
60,0.0014749999999999967,0.0,-0.0007436796127605599,-85.1533956778712,3.21050294247128e-08,5.523915193129226e-06,4.127688541198938e-05,9.831142179368913e-06,0.0009578632636647983,8.855157365171158e-07,3.589795882454697e-05,5.4716750911004647e-08,0.008733411120489464,2.0294612240823184
61,0.0014999999999999968,0.0,-0.0007436410796183378,-85.14982699696772,3.21218372379293e-08,5.572282956199198e-06,4.13089008645872e-05,9.863984548738657e-06,0.0009674301178437931,8.875620178612066e-07,3.63322673321053e-05,5.5191664492695396e-08,0.008733324609629797,2.0023846158023773
62,0.0015249999999999966,0.0,-0.0007436025211145995,-85.14625575160817,3.2138660062492084e-08,5.620647253244384e-06,4.134090823916089e-05,9.896839468271816e-06,0.0009769956069828611,8.896094841311942e-07,3.676641027374002e-05,5.566671448912683e-08,0.008733238056689943,1.9768013106036264
63,0.0015499999999999965,0.0,-0.0007435639393064293,-85.1426821557474,3.2155497908416884e-08,5.669008082073305e-06,4.1372907530412734e-05,9.929706948448538e-06,0.0009865597302812284,8.916581361076063e-07,3.720038754105931e-05,5.6141900994979066e-08,0.008733151463871712,1.9526188986240811
64,0.0015749999999999965,0.0,-0.000743525336049572,-85.13910640003567,3.2172350784879844e-08,5.717365440504706e-06,4.140489873345927e-05,9.962586998789371e-06,0.0009961224870058908,8.937079745072392e-07,3.7634199034533015e-05,5.661722409711231e-08,0.008733064833403754,1.9297523923311743
65,0.0015999999999999964,0.0,-0.0007434867130362169,-85.13552865646312,3.218921870029996e-08,5.765719326623545e-06,4.143688184381148e-05,9.995479627949238e-06,0.001005683876485272,8.957589999895095e-07,3.806784466258976e-05,5.7092683875327926e-08,0.008732978167508855,1.9081232468254328
66,0.0016249999999999962,0.0,-0.0007434480718237156,-85.13194908186156,3.220610166240569e-08,5.8140697386845865e-06,4.146885685733874e-05,1.0028384843793744e-05,0.0010152438981036202,8.978112131613968e-07,3.85013243408063e-05,5.756828040299645e-08,0.00873289146838195,1.887658586285923
67,0.001649999999999996,0.0,-0.0007434094138565876,-85.12836782056608,3.2222999678290114e-08,5.8624166751059244e-06,4.150082377023176e-05,1.0061302653462122e-05,0.0010248025512965598,8.998646145816766e-07,3.893463799153893e-05,5.804401374756606e-08,0.008732804738175516,1.8682905838485198
68,0.0016749999999999962,0.0,-0.0007433707404835207,-85.12478500645453,3.2239912754456926e-08,5.910760134286482e-06,4.1532782578989345e-05,1.0094233063419887e-05,0.0010343598355474564,9.019192047644738e-07,3.936778554322521e-05,5.851988397099424e-08,0.008732717978989963,1.8499559519380426
69,0.001699999999999996,0.0,-0.000743332052970618,-85.12120076452307,3.225684089685963e-08,5.959100114867032e-06,4.15647332803832e-05,1.0127176079503596e-05,0.0010439157503842555,9.039749841821079e-07,3.980076693018329e-05,5.8995891130107724e-08,0.008732631192867582,1.8325955182518783
70,0.0017249999999999959,0.0,-0.000743293352511817,-85.1176152121139,3.227378411093513e-08,6.007436615637687e-06,4.159667587145301e-05,1.0160131706959388e-05,0.0010534702953766788,9.060319532677097e-07,4.0233582092079384e-05,5.947203527692269e-08,0.008732544381788927,1.8161538662475607
71,0.001749999999999996,0.0,-0.0007432546402371631,-85.114028459881,3.2290742401633336e-08,6.05576963535737e-06,4.1628610349495413e-05,1.0193099950476663e-05,0.0010630234701337704,9.080901124175152e-07,4.066623097368762e-05,5.99483164589154e-08,0.008732457547670894,1.8005790258079912
72,0.0017749999999999958,0.0,-0.000743215917219445,-85.11044061255677,3.230771577344313e-08,6.104099173016337e-06,4.166053671203766e-05,1.0226080814217941e-05,0.0010725752743021174,9.101494619927228e-07,4.10987135246501e-05,6.042473471926307e-08,0.008732370692365968,1.7858222043232175
73,0.0017999999999999956,0.0,-0.0007431771844795814,-85.1068517695671,3.232470423041585e-08,6.152425227656368e-06,4.169245495683072e-05,1.0259074301845619e-05,0.0010821257075634284,9.122100023213258e-07,4.153102969923023e-05,6.09012900970672e-08,0.008732283817662376,1.7718375495512362
74,0.0018249999999999955,0.0,-0.0007431384429910351,-85.10326202553055,3.2341707776186346e-08,6.2007477983682846e-06,4.17243650818439e-05,1.029208041654615e-05,0.0010916747696334366,9.142717336997782e-07,4.1963179455983396e-05,6.137798262754768e-08,0.008732196925284689,1.758581938409165
75,0.0018499999999999955,0.0,-0.0007430996936834878,-85.09967147066753,3.235872641399251e-08,6.249066884378185e-06,4.1756267085242965e-05,1.0325099161052288e-05,0.0011012224602597181,9.16334656394283e-07,4.2395162757693705e-05,6.185481234222193e-08,0.00873211001689498,1.7460147882530919
76,0.0018749999999999954,0.0,-0.0007430609374459222,-85.09608019114076,3.237576014669302e-08,6.297382484956826e-06,4.1788160965395805e-05,1.0358130537663456e-05,0.0011107687792207218,9.183987706423881e-07,4.282697957111478e-05,6.233177926907506e-08,0.008732023094094073,1.7340978852864453
77,0.0018999999999999952,0.0,-0.0007430221751292557,-85.09248826934102,3.2392808976784024e-08,6.345694599506182e-06,4.182004672084361e-05,1.0391174548264844e-05,0.0011203137263242587,9.204640766540658e-07,4.325862986679448e-05,6.280888343270842e-08,0.008731936158423138,1.722795229448515
78,0.0019249999999999953,0.0,-0.0007429834075486085,-85.08889578413118,3.240987290641458e-08,6.394003227469104e-06,4.185192435032572e-05,1.0424231194345093e-05,0.0011298573014061068,9.225305746129505e-07,4.3690113618946144e-05,6.32861248544915e-08,0.008731849211365283,1.7120728919906014
79,0.0019499999999999951,0.0,-0.00074294463548529,-85.0853028110565,3.242695193740146e-08,6.442308368416103e-06,4.1883793852743346e-05,1.0457300477013117e-05,0.0011393995043289485,9.245982646774476e-07,4.4121430805223946e-05,6.376350355269587e-08,0.00873176225434726,1.701898884927111
80,0.001974999999999995,0.0,-0.0007429058596885546,-85.08170942252853,3.244404607124282e-08,6.490610021866729e-06,4.1915655227150275e-05,1.049038239701386e-05,0.001148940334981422,9.266671469818401e-07,4.455258140668289e-05,6.424101954261784e-08,0.008731675288741234,1.6922430409493927
81,0.001999999999999995,0.0,-0.0007428670808771711,-85.07811568798812,3.24611553091313e-08,6.538908187553523e-06,4.194750847277055e-05,1.05234769547433e-05,0.0011584797932767386,9.287372216370995e-07,4.4983565407570304e-05,6.471867283671065e-08,0.00873158831586645,1.6830769012088354
82,0.002024999999999995,0.0,-0.000742828299740849,-85.0745216740506,3.247827965196644e-08,6.587202865155066e-06,4.1979353588981295e-05,1.0556584150262628e-05,0.0011680178791518517,9.308084887320711e-07,4.541438279515935e-05,6.519646344469444e-08,0.008731501336991075,1.6743736131941134
83,0.0020499999999999954,0.0,-0.0007427895169415362,-85.07092744463813,3.249541910036668e-08,6.6354940545600566e-06,4.201119057528709e-05,1.058970398331191e-05,0.0011775545925665175,9.328809483341322e-07,4.5845033559764545e-05,6.567439137366501e-08,0.008731414353333853,1.6661078338575663
84,0.0020749999999999957,0.0,-0.0007427507331146169,-85.06733306109999,3.2512573654680594e-08,6.683781755512023e-06,4.204301943134765e-05,1.0622836453323e-05,0.0011870899335023597,9.349546004902927e-07,4.627551769448148e-05,6.615245662820154e-08,0.008731327366065808,1.6582556401889548
85,0.002099999999999996,0.0,-0.0007427119488700262,-85.06373858232342,3.252974331499773e-08,6.7320659679619975e-06,4.207484015694406e-05,1.0655981559432015e-05,0.001196623901961937,9.370294452277758e-07,4.6705835195142715e-05,6.663065921047152e-08,0.008731240376311943,1.6507944462640367
86,0.0021249999999999967,0.0,-0.0007426731647932901,-85.06014406483715,3.2546928081159015e-08,6.7803466918903165e-06,4.210665275199826e-05,1.0689139300491173e-05,0.0012061564979679216,9.391054825550477e-07,4.7135986060137936e-05,6.710899912031804e-08,0.008731153385152828,1.643702925031576
87,0.002149999999999997,0.0,-0.000742634381446505,-85.0565495629076,3.256412795276671e-08,6.828623927305453e-06,4.21384572165399e-05,1.0722309675080228e-05,0.0012156877215623902,9.411827124623304e-07,4.756597029044922e-05,6.758747635536504e-08,0.008731066393626212,1.6369609350164183
88,0.0021749999999999972,0.0,-0.000742595599369264,-85.0529551286298,3.2581342929194087e-08,6.8768976742428935e-06,4.217025355071757e-05,1.0755492681517402e-05,0.0012252175728057885,9.432611349225707e-07,4.799578788940971e-05,6.806609091109294e-08,0.008730979402728569,1.6305494524360142
89,0.0021999999999999975,0.0,-0.0007425568190795351,-85.04936081201313,3.2598573009594414e-08,6.9251679328525255e-06,4.2202041754810174e-05,1.0788688317869933e-05,0.0012347460517765539,9.453407498918925e-07,4.842543886271192e-05,6.854484278093781e-08,0.008730892413416583,1.6244505068785386
90,0.002224999999999998,0.0,-0.0007425180410744997,-85.04576666106281,3.261581819291e-08,6.973434703220665e-06,4.2233821829185854e-05,1.082189658196417e-05,0.001244273158570084,9.474215573105104e-07,4.885492321820938e-05,6.902373195636137e-08,0.008730805426608644,1.61864712101778
91,0.002249999999999998,0.0,-0.0007424792658313513,-85.0421727218575,3.263307847788054e-08,7.021697985634449e-06,4.226559377432266e-05,1.085511747139527e-05,0.0012537988932981453,9.49503557103129e-07,4.9284240965897224e-05,6.95027584269399e-08,0.008730718443186243,1.6131232546445773
92,0.002274999999999999,0.0,-0.0007424404938080608,-85.03857903862344,3.2650353863051334e-08,7.069957780315484e-06,4.229735759080307e-05,1.0888350983536539e-05,0.0012633232560884998,9.515867491797445e-07,4.9713392117826114e-05,6.998192218043184e-08,0.008730631463995345,1.6078637509009397
93,0.002299999999999999,0.0,-0.0007424017254441114,-85.03498565380528,3.266764434678106e-08,7.118214087595847e-06,4.232911327930871e-05,1.0921597115548463e-05,0.0012728462470836626,9.536711334362403e-07,5.0142376688019375e-05,7.046122320285715e-08,0.008730544489847742,1.602854286946176
94,0.0023249999999999994,0.0,-0.0007423629611612044,-85.03139260813425,3.268494992724944e-08,7.166466907740285e-06,4.236086084059774e-05,1.0954855864387317e-05,0.0012823678664409684,9.557567097547754e-07,5.057119469235837e-05,7.094066147856568e-08,0.008730457521522336,1.5980813268168248
95,0.0023499999999999997,0.0,-0.000742324201363937,-85.0277999406936,3.270227060246446e-08,7.214716241122268e-06,4.239260027552632e-05,1.0988127226813449e-05,0.001291888114331332,9.578434780045184e-07,5.0999846148540914e-05,7.142023699030241e-08,0.00873037055976638,1.5935320772442196
96,0.002375,0.0,-0.0007422854464404553,-85.02420768898125,3.271960637026933e-08,7.262962088134714e-06,4.242433158503513e-05,1.1021411199399307e-05,0.0013014069909393188,9.599314380421158e-07,5.142833107600757e-05,7.189994971927723e-08,0.008730283605296709,1.5891944461987606
97,0.0024000000000000002,0.0,-0.0007422466967630852,-85.02061588897058,3.273695722834921e-08,7.3112044492776395e-06,4.2456054770153664e-05,1.1054707778537152e-05,0.0013109244964621255,9.620205897122013e-07,5.185664949583583e-05,7.23797996452216e-08,0.008730196658800893,1.585057003530288
98,0.002425000000000001,0.0,-0.0007422079526889356,-85.0170245751687,3.2754323174237685e-08,7.359443324980519e-06,4.248776983196955e-05,1.1088016960446412e-05,0.0013204406311092174,9.641109328478851e-07,5.228480143070694e-05,7.2859786746455e-08,0.00873010972093836,1.5811089440331827
99,0.0024500000000000012,0.0,-0.0007421692145604857,-85.01343378067237,3.27717042053229e-08,7.407678715778429e-06,4.2519476771659476e-05,1.1121338741180795e-05,0.001329955395101967,9.662024672711644e-07,5.271278690484032e-05,7.333991099993855e-08,0.008730022792341512,1.57734005341581
100,0.0024750000000000015,0.0,-0.0007421304827061474,-85.00984353722254,3.278910031885368e-08,7.4559106221344816e-06,4.255117559047642e-05,1.115467311663515e-05,0.0013394687886728572,9.682951927935592e-07,5.314060594393057e-05,7.382017238133112e-08,0.008729935873616767,1.5737406740656823
101,0.002500000000000002,0.0,-0.0007420917574408089,-85.00625387525633,3.2806511511945175e-08,7.504139044704435e-06,4.2582866289728245e-05,1.1188020082552046e-05,0.0013489808120653406,9.703891092163032e-07,5.3568258575017036e-05,7.430057086504527e-08,0.008729848965345564,1.5703016756152266
102,0.002525000000000002,0.0,-0.00074205303906636,-85.00266482395756,3.282393778158437e-08,7.552363984070757e-06,4.2614548870800314e-05,1.1221379634528042e-05,0.0013584914655331546,9.724842163310077e-07,5.399574482656518e-05,7.478110642429578e-08,0.008729762068085378,1.5670144251611617
103,0.0025500000000000024,0.0,-0.0007420143278721961,-84.99907641130532,3.2841379124635486e-08,7.600585440742011e-06,4.2646223335125626e-05,1.1254751768019854e-05,0.0013680007493400738,9.745805139198177e-07,5.442306472830589e-05,7.526177903115085e-08,0.008729675182370621,1.5638707595844181
104,0.002575000000000003,0.0,-0.000741975624135709,-84.99548866412073,3.285883553784501e-08,7.648803415505934e-06,4.267788968421643e-05,1.1288136478350122e-05,0.0013775086637592272,9.766780017559841e-07,5.4850218311216535e-05,7.574258865657844e-08,0.008729588308713617,1.560862960139353
105,0.0026000000000000034,0.0,-0.0007419369281227535,-84.99190160811241,3.287630701784654e-08,7.69701790898676e-06,4.270954791963467e-05,1.132153376071305e-05,0.0013870152090731805,9.787766796041728e-07,5.527720560743441e-05,7.6223535270493e-08,0.008729501447605406,1.557983727140666
106,0.0026250000000000036,0.0,-0.0007418982400881043,-84.98831526791975,3.289379356116567e-08,7.745228921821518e-06,4.2741198042997606e-05,1.135494361017977e-05,0.0013965203855729285,9.808765472207605e-07,5.5704026650241917e-05,7.67046188418e-08,0.008729414599516672,1.5552261581497362
107,0.002650000000000004,0.0,-0.0007418595602758907,-84.98472966715521,3.291129516422433e-08,7.793436454747892e-06,4.277284005597473e-05,1.1388366021703555e-05,0.0014060241935580876,9.829776043543626e-07,5.613068147401881e-05,7.718583933843346e-08,0.008729327764898494,1.5525837249352747
108,0.002675000000000004,0.0,-0.0007418208889200196,-84.98114482844467,3.2928811823345233e-08,7.841640508515307e-06,4.280447396029363e-05,1.1421800990124786e-05,0.0014155266333363275,9.850798507459166e-07,5.6557170114196364e-05,7.766719672740145e-08,0.008729240944183177,1.550050253533719
109,0.0027000000000000045,0.0,-0.0007417822262445807,-84.97756077346659,3.2946343534756076e-08,7.889841083972833e-06,4.283609975771971e-05,1.1455248510175738e-05,0.0014250277052228017,9.871832861291825e-07,5.69834926072133e-05,7.814869097482483e-08,0.00872915413778498,1.5476199047492756
110,0.002725000000000005,0.0,-0.0007417435724642391,-84.97397752298954,3.296389029459345e-08,7.93803818180352e-06,4.28677174500797e-05,1.1488708576485156e-05,0.0014345274095402354,9.892879102309859e-07,5.740964899043873e-05,7.863032204597397e-08,0.008729067346100891,1.5452871555954317
111,0.0027500000000000055,0.0,-0.000741704927784611,-84.97039509690867,3.298145209890677e-08,7.986231802789141e-06,4.289932703922415e-05,1.1522181183582644e-05,0.0014440257466183579,9.91393722771509e-07,5.783563930220112e-05,7.91120899053013e-08,0.008728980569511265,1.5430467824240068
112,0.0027750000000000058,0.0,-0.0007416662924026268,-84.96681351428045,3.2999028943661896e-08,8.03442194780975e-06,4.293092852706861e-05,1.1555666325902945e-05,0.0014535227167937741,9.935007234645098e-07,5.8261463581679775e-05,7.959399451647716e-08,0.008728893808380543,1.5408938438676856
113,0.002800000000000006,0.0,-0.0007416276665068811,-84.96323279335635,3.301662082474482e-08,8.08260861766648e-06,4.2962521915556346e-05,1.1589163997789951e-05,0.0014630183204092902,9.956089120177138e-07,5.868712186890218e-05,8.007603584242651e-08,0.008728807063057894,1.5388236661362242
114,0.0028250000000000063,0.0,-0.0007415890502779689,-84.95965295161528,3.303422773796491e-08,8.130791813257922e-06,4.2994107206673486e-05,1.1622674193500628e-05,0.0014725125578142215,9.9771828813301e-07,5.911261420470809e-05,8.055821384535907e-08,0.008728720333877841,1.5368318279707083
115,0.0028500000000000066,0.0,-0.0007415504438888092,-84.9560740057948,3.305184967905829e-08,8.178971535402968e-06,4.302568440244686e-05,1.1656196907208771e-05,0.001482005429363721,9.998288515066999e-07,5.953794063068038e-05,8.104052848679537e-08,0.008728633621160843,1.5349141466991512
116,0.0028750000000000073,0.0,-0.0007415118475049568,-84.95249597192097,3.306948664369087e-08,8.22714778501721e-06,4.305725350493317e-05,1.1689732133008544e-05,0.0014914969354185431,1.0019406018297332e-06,5.996310118921607e-05,8.15229797275989e-08,0.008728546925213897,1.5330666658375236
117,0.0029000000000000076,0.0,-0.0007414732612849024,-84.94891886533738,3.308713862746142e-08,8.275320562935828e-06,4.308881451623439e-05,1.1723279864917944e-05,0.0015009870763450276,1.0040535387878758e-06,6.038809592335583e-05,8.200556752800948e-08,0.00872846024633109,1.5312856423710386
118,0.002925000000000008,0.0,-0.0007414346853803598,-84.94534270073295,3.3104805625904526e-08,8.323489870178369e-06,4.312036743847844e-05,1.1756840096882134e-05,0.001510475852514538,1.0061676620621123e-06,6.081292487682292e-05,8.248829184765992e-08,0.0087283735847941,1.5295675348081517
119,0.002950000000000008,0.0,-0.0007413961199365436,-84.94176749216848,3.31224876344932e-08,8.371655707594938e-06,4.31519122738173e-05,1.1790412822776576e-05,0.0015199632643036647,1.0082829713286095e-06,6.123758809402869e-05,8.29711526456093e-08,0.00872828694087275,1.5279089929398637
120,0.0029750000000000085,0.0,-0.0007413575650924351,-84.93819325310243,3.3140184648641635e-08,8.419818076130994e-06,4.318344902445138e-05,1.1823998036410062e-05,0.0015294493120935559,1.0103994662591028e-06,6.166208561997523e-05,8.345414988036723e-08,0.00872820031482547,1.5263068468396312
121,0.0030000000000000087,0.0,-0.0007413190209810397,-84.93461999641555,3.3157896663707705e-08,8.467976976738684e-06,4.3214977692592985e-05,1.1857595731527677e-05,0.0015389339962701217,1.012517146520965e-06,6.208641750026319e-05,8.393728350991193e-08,0.008728113706899791,1.5247580975197295
122,0.0030250000000000095,0.0,-0.0007412804877296317,-84.9310477344348,3.317562367499549e-08,8.516132410376554e-06,4.324649828049949e-05,1.1891205901813557e-05,0.0015484173172234752,1.0146360117775162e-06,6.251058378103145e-05,8.442055349171728e-08,0.00872802711733278,1.5232599069969766
123,0.0030500000000000097,0.0,-0.000741241965459991,-84.92747647895591,3.319336567775755e-08,8.564284378097622e-06,4.327801079043697e-05,1.1924828540893542e-05,0.0015578992753480286,1.0167560616881377e-06,6.293458450903624e-05,8.49039597827762e-08,0.008727940546351481,1.5218095903879458
124,0.00307500000000001,0.0,-0.0007412034542886296,-84.92390624126543,3.3211122667197084e-08,8.612432880784064e-06,4.3309515224704814e-05,1.1958463642337815e-05,0.0015673798710420452,1.0188772959084435e-06,6.335841973152364e-05,8.538750233961785e-08,0.008727853994173328,1.5204046068229005
125,0.0031000000000000103,0.0,-0.0007411649543270115,-84.92033703216165,3.322889463847031e-08,8.660577919500363e-06,4.3341011585634244e-05,1.1992111199663286e-05,0.0015768591047078445,1.0209997140904424e-06,6.378208949620692e-05,8.587118111833153e-08,0.008727767461006569,1.5190425523670115
126,0.0031250000000000106,0.0,-0.0007411264656817525,-84.91676886197509,3.3246681586688286e-08,8.708719495228015e-06,4.33724998755609e-05,1.2025771206336025e-05,0.001586336976751138,1.0231233158826329e-06,6.420559385131396e-05,8.635499607457934e-08,0.008727680947050516,1.5177211517558575
127,0.003150000000000011,0.0,-0.0007410879884549772,-84.91320174058684,3.326448350691901e-08,8.756857609041985e-06,4.3403980096866923e-05,1.2059443655773492e-05,0.0015958134875813438,1.0252481009302765e-06,6.462893284553177e-05,8.683894716362319e-08,0.008727594452497859,1.5164382526666742
128,0.0031750000000000116,0.0,-0.0007410495227405957,-84.90963567746181,3.328230039418922e-08,8.804992261933815e-06,4.3435452251936326e-05,1.2093128541346605e-05,0.0016052886376111415,1.0273740688754762e-06,6.505210652795262e-05,8.732303434033495e-08,0.008727507977487389,1.5151918099975958
129,0.003200000000000012,0.0,-0.0007410110686269978,-84.90607068130356,3.330013224348784e-08,8.85312345489957e-06,4.3466916343187466e-05,1.212682585638365e-05,0.0016147624272563445,1.0295012193574288e-06,6.547511494810773e-05,8.78072575592311e-08,0.0087274215221712,1.5139800944163895
130,0.003225000000000012,0.0,-0.000740972626184511,-84.90250676030404,3.33179790497681e-08,8.9012511890279e-06,4.3498372373045494e-05,1.2160535594172824e-05,0.0016242348569355603,1.0316295520125349e-06,6.589795815587445e-05,8.829161677449264e-08,0.008727335086541296,1.5128014744147933
131,0.0032500000000000124,0.0,-0.0007409341954963218,-84.89894392098121,3.333584080795501e-08,8.949375465322506e-06,4.352982034394611e-05,1.2194257747970655e-05,0.0016337059270698229,1.033759066475082e-06,6.632063620143294e-05,8.877611194003407e-08,0.008727248670913249,1.5116551197236205
132,0.0032750000000000127,0.0,-0.0007408957766296083,-84.89538217104476,3.3353717512940026e-08,8.997496284879422e-06,4.356126025836508e-05,1.2227992310996004e-05,0.0016431756380828396,1.0358897623767846e-06,6.674314913532164e-05,8.926074300945543e-08,0.00872716227529164,1.5105390874481373
133,0.0033000000000000134,0.0,-0.0007408573696809344,-84.89182151672077,3.3371609159587665e-08,9.04561364879791e-06,4.359269211877054e-05,1.2261739276437562e-05,0.0016526439904004106,1.038021639347279e-06,6.716549700840272e-05,8.974550993610198e-08,0.008727075900179748,1.5094524059522385
134,0.0033250000000000137,0.0,-0.0007408189747118994,-84.88826196695877,3.338951574272344e-08,9.093727558093564e-06,4.3624115927656974e-05,1.2295498637440122e-05,0.0016621109844516928,1.0401546970131518e-06,6.758767987191971e-05,9.023041267295156e-08,0.008726989545389089,1.508392222624444
135,0.003350000000000014,0.0,-0.0007407805916829691,-84.88470352746772,3.3407437257148244e-08,9.141838013784946e-06,4.3655531687535715e-05,1.2329270387120928e-05,0.0016715766206677047,1.042288934999147e-06,6.800969777734695e-05,9.071545117274747e-08,0.008726903209872919,1.5073580569069378
136,0.0033750000000000143,0.0,-0.0007407422206175679,-84.88114619458365,3.342537369767949e-08,9.189945017065335e-06,4.36869394009073e-05,1.2363054518616828e-05,0.0016810408994781584,1.0444243529312337e-06,6.843155077605734e-05,9.120062538838737e-08,0.008726816894289717,1.5063543622551023
137,0.0034000000000000146,0.0,-0.0007407038615937118,-84.87758997047753,3.3443325059125565e-08,9.238048568952517e-06,4.371833907027865e-05,1.2396851025054954e-05,0.0016905038213136702,1.046560950434595e-06,6.885323891949014e-05,9.168593527268171e-08,0.008726730599341316,1.5053800164777087
138,0.003425000000000015,0.0,-0.0007406655146911219,-84.87403486237983,3.346129133626345e-08,9.286148670556342e-06,4.374973069816934e-05,1.2430659899527195e-05,0.0016999653866071908,1.0486987271321252e-06,6.927476225942057e-05,9.217138077813963e-08,0.00872664432522955,1.5044314153955796
139,0.0034500000000000156,0.0,-0.000740627179979875,-84.87048087767911,3.347927252383799e-08,9.334245322902198e-06,4.378111428711208e-05,1.2464481135089414e-05,0.001709425595794445,1.0508376826441286e-06,6.969612084796715e-05,9.265696185697147e-08,0.008726558072026424,1.5035060089596541
140,0.003475000000000016,0.0,-0.0007405888575318195,-84.86692802287008,3.349726861656594e-08,9.382338527107143e-06,4.3812489839667356e-05,1.2498314724765932e-05,0.001718884449313365,1.052977816588741e-06,7.011731473755013e-05,9.314267846112481e-08,0.008726471839916773,1.502602177043677
141,0.003500000000000016,0.0,-0.0007405505474034404,-84.86337630461165,3.351527960913506e-08,9.430428284291696e-06,4.3843857358397974e-05,1.2532160661548706e-05,0.001728341947604203,1.0551191285820014e-06,7.053834398089917e-05,9.362853054226877e-08,0.008726385628887563,1.5017181912035937
142,0.0035250000000000164,0.0,-0.0007405122496558815,-84.85982572813882,3.353330549621063e-08,9.47851459557909e-06,4.3875216845890815e-05,1.2566018938404569e-05,0.0017377980911091706,1.057261618238077e-06,7.095920863098709e-05,9.411451805186357e-08,0.008726299439127103,1.5008532216320702
143,0.0035500000000000167,0.0,-0.0007404739642937681,-84.85627629911839,3.3551346272433316e-08,9.526597462095499e-06,4.390656830473216e-05,1.2599889548272942e-05,0.0017472528802724482,1.0594052851693062e-06,7.13799087410157e-05,9.460064094113687e-08,0.008726213270113305,1.5000059299064006
144,0.003575000000000017,0.0,-0.0007404356914493409,-84.85272801797905,3.356940193244243e-08,9.574676884879043e-06,4.39379117375182e-05,1.2633772484092337e-05,0.0017567063155383153,1.0615501289878861e-06,7.180044436424098e-05,9.508689916129894e-08,0.008726127123366659,1.4991780538542443
145,0.0036000000000000177,0.0,-0.0007403974313066574,-84.84918089697682,3.35874724708237e-08,9.622752865150766e-06,4.3969247146872594e-05,1.266766773874071e-05,0.0017661583973553594,1.0636961493018594e-06,7.222081555448839e-05,9.557329266305656e-08,0.008726040999802247,1.4983633274434638
146,0.003625000000000018,0.0,-0.0007403591842002977,-84.84563495317013,3.360555788208816e-08,9.67082540396402e-06,4.4000574535451955e-05,1.270157530501123e-05,0.0017756091261782252,1.0658433457136365e-06,7.264102236634173e-05,9.605982139641931e-08,0.00872595490161554,1.4975548331985777
147,0.0036500000000000182,0.0,-0.0007403209501420912,-84.84209021756782,3.3623658160610576e-08,9.718894502564812e-06,4.4031893905986964e-05,1.2735495175542103e-05,0.0017850585024726379,1.0679917178152738e-06,7.306106485586006e-05,9.654648531012507e-08,0.008725868825763521,1.4967392740805607
148,0.0036750000000000185,0.0,-0.0007402827290776816,-84.83854669126623,3.364177330076137e-08,9.76696016211145e-06,4.4063205261211526e-05,1.2769427342967205e-05,0.0017945065267046545,1.0701412651984628e-06,7.348094307911901e-05,9.703328435286935e-08,0.008725782771499203,1.4959244885659473
149,0.003700000000000019,0.0,-0.0007402445209732999,-84.83500436922762,3.3659903296933664e-08,9.81502238375962e-06,4.409450860384472e-05,1.2803371799947032e-05,0.0018039531993384462,1.0722919874565164e-06,7.390065709196005e-05,9.752021847355138e-08,0.008725696738949074,1.4951169352128701
150,0.003725000000000019,0.0,-0.000740206325819532,-84.83146324832228,3.3678048143534776e-08,9.863081168663391e-06,4.412580393660502e-05,1.2837328539159083e-05,0.0018133985208372166,1.0744438841838567e-06,7.432020695007914e-05,9.800728762120133e-08,0.00872561072833046,1.4943191422256419
151,0.00375000000000002,0.0,-0.0007401681436212982,-84.82792332767774,3.369620783497642e-08,9.91113651797637e-06,4.415709126219972e-05,1.2871297553286461e-05,0.0018228424916636907,1.0765969549751994e-06,7.473959270916586e-05,9.84944917448904e-08,0.008725524739797508,1.4935316530673148
152,0.00377500000000002,0.0,-0.0007401299743921735,-84.82438460774998,3.3714382365668705e-08,9.959188432852411e-06,4.4188370583337466e-05,1.2905278835011225e-05,0.0018322851122808026,1.0787511994250458e-06,7.515881442493088e-05,9.89818307936659e-08,0.008725438773469764,1.4927543263709708
153,0.0038000000000000204,0.0,-0.0007400918181496588,-84.82084708979716,3.373257173001672e-08,1.0007236914534265e-05,4.421964190273921e-05,1.2939272377010292e-05,0.001841726383151931,1.0809066171275418e-06,7.557787215307487e-05,9.946930471652742e-08,0.008725352829430565,1.491986755621788
154,0.0038250000000000207,0.0,-0.0007400536749144038,-84.81731077544124,3.375077592241883e-08,1.0055281964177273e-05,4.4250905223130685e-05,1.297327817195365e-05,0.0018511663047410185,1.0830632076762934e-06,7.599676594944217e-05,9.995691346240905e-08,0.008725266907762956,1.491228502148445
155,0.003850000000000021,0.0,-0.0007400155447075541,-84.81377566659603,3.376899493726545e-08,1.0103323582849536e-05,4.4282160547226034e-05,1.3007296212502854e-05,0.0018606048775124677,1.085220970664269e-06,7.641549586993183e-05,1.0044465698016504e-07,0.008725181008525833,1.4904790662395584
156,0.0038750000000000212,0.0,-0.0007399774275505762,-84.8102417652213,3.3787228768938776e-08,1.0151361771796653e-05,4.431340787775378e-05,1.3041326491310798e-05,0.0018700421019316898,1.0873799056837203e-06,7.683406197056804e-05,1.0093253521857275e-07,0.008725095131777157,1.4897380059020193
157,0.003900000000000022,0.0,-0.000739939338414374,-84.8067030677014,3.3805479740798897e-08,1.0199396563805143e-05,4.43446474909925e-05,1.3075370546152645e-05,0.0018794779808788274,1.0895401314223799e-06,7.725246927426402e-05,1.0142055572412105e-07,0.008725010071711885,1.4932794291544482
158,0.003925000000000022,0.0,-0.0007399012608932015,-84.803162838787,3.3823749441977585e-08,1.0247427983095643e-05,4.437587958083843e-05,1.3109429424578946e-05,0.0018889125169731453,1.0917017288767585e-06,7.767072131546639e-05,1.0190872361124304e-07,0.008724925299069009,1.4910437222681594
159,0.003950000000000022,0.0,-0.0007398631937483217,-84.79962368944194,3.384203786605692e-08,1.02954560306767e-05,4.440710414958515e-05,1.3143503118687283e-05,0.0018983457106316107,1.0938646976208184e-06,7.808881814158699e-05,1.0239703882989386e-07,0.008724840530635975,1.49016165413407
160,0.003975000000000023,0.0,-0.0007398251379341334,-84.79608550453072,3.386034500725351e-08,1.0343480707408169e-05,4.4438321199285184e-05,1.3177591621240133e-05,0.001907777562230562,1.0960290372734614e-06,7.85067597949706e-05,1.0288550133515708e-07,0.008724755789518184,1.4893863371812088
161,0.0040000000000000235,0.0,-0.000739787093853563,-84.79254837276079,3.387867085929621e-08,1.0391502014372942e-05,4.446953073216564e-05,1.321169492449014e-05,0.0019172080721775204,1.0981947474190169e-06,7.892454632183175e-05,1.0337411107816533e-07,0.008724671071346361,1.4886417289972087
162,0.004025000000000023,0.0,-0.0007397490618211043,-84.78901233158248,3.389701541570821e-08,1.0439519952585361e-05,4.450073275055139e-05,1.324581302047562e-05,0.0019266372408935002,1.100361827627155e-06,7.934217777003304e-05,1.0386286800838563e-07,0.008724586375982118,1.4879115276622557
163,0.004050000000000024,0.0,-0.0007397110421364927,-84.7854774102267,3.3915378669852367e-08,1.0487534523163338e-05,4.453192725680738e-05,1.3279945901067874e-05,0.0019360650688097431,1.1025302774562188e-06,7.975965418872346e-05,1.0435177207398216e-07,0.008724501703958911,1.4871926322612694
164,0.004075000000000024,0.0,-0.00073967303502202,-84.78194363655268,3.3933760614938734e-08,1.0535545727151203e-05,4.456311425337765e-05,1.3314093557979118e-05,0.0019454915563671357,1.1047000964536936e-06,8.017697562824387e-05,1.0484082322188275e-07,0.008724417055038111,1.4864846681517108
165,0.004100000000000025,0.0,-0.0007396350406427138,-84.77841103122147,3.395216124406416e-08,1.0583553565604146e-05,4.4594293742739165e-05,1.3348255982803988e-05,0.001954916704014169,1.1068712841590143e-06,8.059414213987837e-05,1.053300213980934e-07,0.00872433242904644,1.4857861314654386
166,0.004125000000000025,0.0,-0.0007395970591222909,-84.77487960957171,3.3970580550241654e-08,1.0631558039761829e-05,4.462546572740383e-05,1.338243316705024e-05,0.001964340512204401,1.1090438401055751e-06,8.1011153775552e-05,1.0581936654793784e-07,0.008724247825871107,1.485095680520132
167,0.004150000000000025,0.0,-0.0007395590905556072,-84.7713493831024,3.398901852642155e-08,1.067955915069354e-05,4.4656630209907637e-05,1.3416625102160815e-05,0.001973762981395702,1.111217763822354e-06,8.142801058769575e-05,1.0630885861622995e-07,0.008724163245454065,1.484412249324052
168,0.004175000000000026,0.0,-0.0007395211350170814,-84.76782036063001,3.400747516550623e-08,1.0727556899561404e-05,4.4687787192811594e-05,1.3450831779529388e-05,0.0019831841120489867,1.1133930548348308e-06,8.184471262909457e-05,1.0679849754739078e-07,0.00872407868777228,1.483735022360655
169,0.004200000000000026,0.0,-0.000739483192566345,-84.76429254907143,3.402595046036061e-08,1.077555128753118e-05,4.47189366786792e-05,1.348505319051127e-05,0.0019926039046275087,1.115569712665855e-06,8.226125995290572e-05,1.0728828328553504e-07,0.0087239941528238,1.4830633665763315
170,0.0042250000000000265,0.0,-0.0007394452632520934,-84.76076595396916,3.404444440381968e-08,1.0823542315771537e-05,4.475007867009825e-05,1.3519289326431334e-05,0.002002022359596499,1.1177477368361169e-06,8.26776526124963e-05,1.0777821577453253e-07,0.008723909640619133,1.4823967773169855
171,0.004250000000000026,0.0,-0.0007394073471147693,-84.75724057984925,3.406295698869412e-08,1.0871529985365332e-05,4.478121316965226e-05,1.3553540178589886e-05,0.002011439477422811,1.1199271268645456e-06,8.309389066139856e-05,1.0826829495805106e-07,0.008723825151176062,1.4817348409623676
172,0.004275000000000027,0.0,-0.0007393694441884634,-84.75371643047067,3.408148820777448e-08,1.0919514297573775e-05,4.481234017994397e-05,1.3587805738267118e-05,0.0020208552585744676,1.1221078822685425e-06,8.350997415334404e-05,1.0875852077959399e-07,0.008723740684516404,1.4810772091333746
173,0.004300000000000028,0.0,-0.0007393315545022943,-84.75019350900203,3.410003805383452e-08,1.0967495253483369e-05,4.484345970358511e-05,1.3622085996726422e-05,0.0020302697035207502,1.1242900025642761e-06,8.39259031422037e-05,1.0924889318252329e-07,0.008723656240664084,1.4804235827270418
174,0.004325000000000028,0.0,-0.0007392936780814175,-84.74667181814978,3.41186065196337e-08,1.10154728543584e-05,4.487457174317798e-05,1.3656380945217155e-05,0.002039682812731863,1.1264734872669892e-06,8.434167768193357e-05,1.0973941211007859e-07,0.008723571819643856,1.4797736995486588
175,0.004350000000000028,0.0,-0.0007392558149477844,-84.74315136025203,3.413719359791917e-08,1.1063447101288029e-05,4.490567630134006e-05,1.3690690574976688e-05,0.0020490945866788127,1.128658335890888e-06,8.475729782662644e-05,1.102300775054016e-07,0.00872348742148059,1.4791273267267258
176,0.004375000000000028,0.0,-0.000739217965120712,-84.73963213734903,3.415579928142751e-08,1.1111417995538836e-05,4.493677338070318e-05,1.372501487723216e-05,0.0020585050258331845,1.1308445479494485e-06,8.517276363046481e-05,1.1072088931154393e-07,0.008723403046198749,1.4784842547799215
177,0.004400000000000029,0.0,-0.0007391801286173259,-84.73611415123628,3.417442356288603e-08,1.1159385538202001e-05,4.496786298387861e-05,1.3759353843201908e-05,0.0020679141306673516,1.1330321229553852e-06,8.558807514771011e-05,1.1121184747147474e-07,0.008723318693822136,1.4778442934781921
178,0.00442500000000003,0.0,-0.0007391423054529,-84.73259740350545,3.4193066435013816e-08,1.1207349730545879e-05,4.499894511350777e-05,1.379370746409658e-05,0.002077321901654035,1.1352210604208582e-06,8.600323243265985e-05,1.1170295192809397e-07,0.008723234364373694,1.477207268587577
179,0.0044500000000000295,0.0,-0.0007391044956411282,-84.72908189557629,3.4211727890522767e-08,1.1255310573663238e-05,4.503001977221048e-05,1.3828075731120152e-05,0.0020867283392666256,1.1374113598574757e-06,8.641823553967399e-05,1.1219420262424132e-07,0.008723150057875427,1.4765730194632454
180,0.00447500000000003,0.0,-0.0007390666991943388,-84.72556762872149,3.4230407922118405e-08,1.1303268068735682e-05,4.506108696262726e-05,1.3862458635470846e-05,0.0020961334439788537,1.139603020776288e-06,8.683308452323611e-05,1.126855995027014e-07,0.008723065774348372,1.4759413977305513
181,0.00450000000000003,0.0,-0.0007390289161236691,-84.722054604087,3.424910652250056e-08,1.135122221703357e-05,4.509214668739332e-05,1.3896856168341753e-05,0.0021055372162647854,1.1417960426879642e-06,8.724777943781246e-05,1.1317714250620773e-07,0.008722981513812558,1.4753122647759298
182,0.004525000000000031,0.0,-0.0007389911464392054,-84.71854282270792,3.426782368436389e-08,1.1399173019651498e-05,4.512319894914683e-05,1.3931268320921498e-05,0.002114939656598929,1.1439904251027083e-06,8.766232033791478e-05,1.1366883157744856e-07,0.008722897276287035,1.4746854921110497
183,0.004550000000000031,0.0,-0.000738953390150102,-84.71503228552179,3.4286559400398605e-08,1.144712047777271e-05,4.5154243750528606e-05,1.3965695084394867e-05,0.0021243407654560143,1.1461861675304887e-06,8.807670727812982e-05,1.1416066665907196e-07,0.008722813061789894,1.4740609588415055
184,0.004575000000000031,0.0,-0.0007389156472646767,-84.7115229933794,3.4305313663290754e-08,1.1495064592669037e-05,4.518528109418187e-05,1.4000136449943246e-05,0.002133740543311208,1.148383269480816e-06,8.849094031308171e-05,1.1465264769368779e-07,0.008722728870338294,1.4734385519776794
185,0.004600000000000032,0.0,-0.0007388779177904939,-84.7080149470539,3.432408646572275e-08,1.154300536543643e-05,4.5216310982752044e-05,1.4034592408745094e-05,0.0021431389906396764,1.1505817304629008e-06,8.89050194973947e-05,1.1514477462387433e-07,0.008722644701948497,1.472818165351164
186,0.004625000000000032,0.0,-0.0007388402017344331,-84.70450814724835,3.4342877800373716e-08,1.1590942797347493e-05,4.5247333418878026e-05,1.4069062951976297e-05,0.002152536107917019,1.1527815499857461e-06,8.93189448857577e-05,1.1563704739217936e-07,0.008722560556635905,1.472199698975274
187,0.004650000000000033,0.0,-0.0007388024991027489,-84.70100259460219,3.43616876599199e-08,1.1638876889498889e-05,4.5278348405209043e-05,1.4103548070810604e-05,0.0021619318956190487,1.1549827275581075e-06,8.973271653288771e-05,1.161294659411235e-07,0.00872247643441509,1.4715830589517864
188,0.004675000000000032,0.0,-0.0007387648099011233,-84.69749828969675,3.438051603703494e-08,1.1686807643163854e-05,4.530935594439597e-05,1.4138047756419922e-05,0.002171326354221682,1.157185262688516e-06,9.014633449349345e-05,1.1662203021320065e-07,0.008722392335299851,1.4709681564406552
189,0.004700000000000033,0.0,-0.000738727134134709,-84.69399523306015,3.439936292439017e-08,1.1734735059439645e-05,4.534035603909118e-05,1.417256199997464e-05,0.0021807194842009365,1.159389154885234e-06,9.055979882230682e-05,1.1711474015088596e-07,0.008722308259303231,1.4703549078864953
190,0.004725000000000034,0.0,-0.0007386894718081692,-84.6904934251713,3.441822831465486e-08,1.178265913960002e-05,4.5371348691939875e-05,1.4207090792643895e-05,0.0021901112860330404,1.1615944036563393e-06,9.097310957411447e-05,1.1760759569663063e-07,0.008722224206437548,1.4697432344101813
191,0.004750000000000034,0.0,-0.0007386518229257128,-84.68699286646364,3.4437112200496525e-08,1.1830579884830838e-05,4.540233390559702e-05,1.4241634125595815e-05,0.0021995017601944295,1.1638010085098713e-06,9.138626680372206e-05,1.1810059679286946e-07,0.008722140176714454,1.469133061364758
192,0.004775000000000034,0.0,-0.0007386141874911249,-84.68349355732838,3.445601457458112e-08,1.1878497296230053e-05,4.543331168271017e-05,1.4276191989997836e-05,0.0022088909071616377,1.1660089689535902e-06,9.179927056591865e-05,1.1859374338202049e-07,0.008722056170144937,1.4685243180689866
193,0.004800000000000034,0.0,-0.0007385765655077947,-84.6799954981173,3.4474935429573214e-08,1.192641137507203e-05,4.546428202593638e-05,1.4310764377016862e-05,0.0022182787274111875,1.1682182844951851e-06,9.221212091550876e-05,1.1908703540648704e-07,0.008721972186739375,1.4679169380960033
194,0.004825000000000035,0.0,-0.0007385389569787388,-84.67649868914543,3.449387475813631e-08,1.1974322122543189e-05,4.5495244937925096e-05,1.4345351277819477e-05,0.0022276652214196974,1.1704289546421599e-06,9.262481790737801e-05,1.1958047280865964e-07,0.00872188822650754,1.4673108581586547
195,0.004850000000000036,0.0,-0.0007385013619066268,-84.67300313069315,3.4512832552932956e-08,1.2022229539830092e-05,4.5526200421335064e-05,1.4379952683572163e-05,0.002237050389664099,1.1726409789019755e-06,9.303736159632333e-05,1.2007405553092047e-07,0.008721804289458669,1.4667060187889547
196,0.0048750000000000356,0.0,-0.0007384637802937984,-84.66950882300857,3.453180880662493e-08,1.2070133628119435e-05,4.555714847881723e-05,1.4414568585441489e-05,0.0022464342326210924,1.1748543567819982e-06,9.344975203721978e-05,1.2056778351563462e-07,0.008721720375601424,1.4661023632500658
197,0.004900000000000036,0.0,-0.000738426212142284,-84.66601576630919,3.4550803511873355e-08,1.2118034388598028e-05,4.558808911302317e-05,1.44491989745943e-05,0.002255816750767579,1.1770690877894463e-06,9.386198928495193e-05,1.2106165670516467e-07,0.008721636484943975,1.4654998381935513
198,0.004925000000000036,0.0,-0.0007383886574538214,-84.66252396078372,3.4569816661338965e-08,1.2165931822364686e-05,4.561902232661348e-05,1.4483843842197835e-05,0.002265197944580554,1.1792851714315313e-06,9.427407339437895e-05,1.2155567504186444e-07,0.008721552617493996,1.4648983928999826
199,0.004950000000000037,0.0,-0.0007383511162298706,-84.65903340659364,3.4588848247682185e-08,1.2213825930782593e-05,4.564994812224071e-05,1.4518503179419947e-05,0.002274577814536996,1.1815026072153391e-06,9.468600442040066e-05,1.22049838468083e-07,0.008721468773258691,1.4642979794343702
200,0.004975000000000037,0.0,-0.0007383135884716298,-84.65554410387469,3.460789826356328e-08,1.226171671495072e-05,4.5680866502566296e-05,1.4553176977429173e-05,0.0022839563611138656,1.183721394648034e-06,9.509778241788917e-05,1.2254414692616085e-07,0.008721384952244813,1.4636985521043755
201,0.005000000000000037,0.0,-0.0007382760741800473,-84.65205605273823,3.4626966701642493e-08,1.2309604176056192e-05,4.571177747024351e-05,1.4587865227394935e-05,0.002293333584788106,1.1859415332365443e-06,9.550940744175503e-05,1.2303860035843628e-07,0.008721301154458686,1.4631000680331852
